tagId,deviceType,weight,timestamp,readerId,temperature,humidity,userId
TAG_LNHJUV91,RFID Tag,9500.4,2025-04-01 06:33:30,Reader003,24.1,94.7,LNHJUV91
TAG_LNHJUV91,RFID Tag,13670.9,2025-04-01 07:30:30,Reader003,24.1,94.7,LNHJUV91
TAG_NMFK1N6E,RFID Tag,16500.0,2025-04-01 08:24:52,Reader003,24.1,94.7,NMFK1N6E
TAG_BJL3FQY7,RFID Tag,16499.5,2025-04-01 08:29:52,Reader003,24.1,94.7,BJL3FQY7
TAG_SHT5E3AJ,RFID Tag,9001.0,2025-04-01 08:30:52,Reader003,24.1,94.7,SHT5E3AJ
TAG_NMFK1N6E,RFID Tag,23000.2,2025-04-01 09:26:52,Reader003,24.1,94.7,NMFK1N6E
TAG_BJL3FQY7,RFID Tag,22998.1,2025-04-01 09:30:52,Reader003,24.1,94.7,BJL3FQY7
TAG_SHT5E3AJ,RFID Tag,13842.9,2025-04-01 09:31:52,Reader003,24.1,94.7,SHT5E3AJ
TAG_BJJ2SPHS,RFID Tag,16500.3,2025-04-01 12:12:12,Reader003,24.1,94.7,BJJ2SPHS
TAG_HBDSL2ZK,RFID Tag,20002.9,2025-04-01 12:16:02,Reader003,24.1,94.7,HBDSL2ZK
TAG_BJJ2SPHS,RFID Tag,20155.6,2025-04-01 13:03:12,Reader003,24.1,94.7,BJJ2SPHS
TAG_HBDSL2ZK,RFID Tag,30642.1,2025-04-01 13:10:02,Reader003,24.1,94.7,HBDSL2ZK
TAG_LNS4BCQ6,RFID Tag,16499.4,2025-04-01 16:17:03,Reader003,24.1,94.7,LNS4BCQ6
TAG_GDLNY0HG,RFID Tag,16501.4,2025-04-01 16:21:03,Reader003,24.1,94.7,GDLNY0HG
TAG_LNS4BCQ6,RFID Tag,24740.9,2025-04-01 17:15:03,Reader003,24.1,94.7,LNS4BCQ6
TAG_GDLNY0HG,RFID Tag,27502.2,2025-04-01 17:18:03,Reader003,24.1,94.7,GDLNY0HG
TAG_SXSZDTB4,RFID Tag,20001.3,2025-04-01 19:38:12,Reader003,24.1,94.7,SXSZDTB4
TAG_SXSZDTB4,RFID Tag,26919.2,2025-04-01 20:37:12,Reader003,24.1,94.7,SXSZDTB4
TAG_LNG09L92,RFID Tag,8999.4,2025-04-01 22:59:34,Reader003,24.1,94.7,LNG09L92
TAG_SXWPT04B,RFID Tag,8999.0,2025-04-01 23:01:34,Reader003,24.1,94.7,SXWPT04B
TAG_SXWPT04B,RFID Tag,11729.6,2025-04-01 23:51:34,Reader003,24.1,94.7,SXWPT04B
TAG_LNG09L92,RFID Tag,15499.9,2025-04-01 23:55:34,Reader003,24.1,94.7,LNG09L92
TAG_GDLNY0HG,RFID Tag,16501.3,2025-04-02 02:41:48,Reader003,24.1,94.7,GDLNY0HG
TAG_TJTY94H3,RFID Tag,19999.7,2025-04-02 02:47:48,Reader003,24.1,94.7,TJTY94H3
TAG_TJTY94H3,RFID Tag,30999.9,2025-04-02 03:39:48,Reader003,24.1,94.7,TJTY94H3
TAG_SXWPT04B,RFID Tag,8998.9,2025-04-02 03:45:00,Reader003,24.1,94.7,SXWPT04B
TAG_GDP6A30X,RFID Tag,8999.8,2025-04-02 03:45:00,Reader003,24.1,94.7,GDP6A30X
TAG_GDLNY0HG,RFID Tag,19268.2,2025-04-02 03:45:48,Reader003,24.1,94.7,GDLNY0HG
TAG_SXWPT04B,RFID Tag,15498.8,2025-04-02 04:34:00,Reader003,24.1,94.7,SXWPT04B
TAG_GDP6A30X,RFID Tag,11286.9,2025-04-02 04:36:00,Reader003,24.1,94.7,GDP6A30X
TAG_TJDADN1C,RFID Tag,16499.3,2025-04-02 06:53:20,Reader003,24.1,94.7,TJDADN1C
TAG_NMBWNKZP,RFID Tag,16500.2,2025-04-02 06:57:20,Reader003,24.1,94.7,NMBWNKZP
TAG_GDR673UT,RFID Tag,16500.3,2025-04-02 07:40:06,Reader003,24.1,94.7,GDR673UT
TAG_BJB01GXD,RFID Tag,9000.4,2025-04-02 07:42:06,Reader003,24.1,94.7,BJB01GXD
TAG_BJAV72FZ,RFID Tag,8999.5,2025-04-02 07:44:06,Reader003,24.1,94.7,BJAV72FZ
TAG_NMBWNKZP,RFID Tag,21997.2,2025-04-02 07:45:20,Reader003,24.1,94.7,NMBWNKZP
TAG_TJDADN1C,RFID Tag,27499.9,2025-04-02 07:45:20,Reader003,24.1,94.7,TJDADN1C
TAG_BJB01GXD,RFID Tag,15501.6,2025-04-02 08:40:06,Reader003,24.1,94.7,BJB01GXD
TAG_GDR673UT,RFID Tag,27498.9,2025-04-02 08:41:06,Reader003,24.1,94.7,GDR673UT
TAG_BJAV72FZ,RFID Tag,10364.1,2025-04-02 08:44:06,Reader003,24.1,94.7,BJAV72FZ
TAG_TJDADN1C,RFID Tag,16498.5,2025-04-02 12:49:09,Reader003,24.1,94.7,TJDADN1C
TAG_TJALNZ3A,RFID Tag,16500.2,2025-04-02 12:54:09,Reader003,24.1,94.7,TJALNZ3A
TAG_JLD9BKKQ,RFID Tag,19999.4,2025-04-02 12:56:09,Reader003,24.1,94.7,JLD9BKKQ
TAG_TJALNZ3A,RFID Tag,22999.5,2025-04-02 13:41:09,Reader003,24.1,94.7,TJALNZ3A
TAG_JLD9BKKQ,RFID Tag,21373.0,2025-04-02 13:44:09,Reader003,24.1,94.7,JLD9BKKQ
TAG_TJDADN1C,RFID Tag,27499.0,2025-04-02 13:49:09,Reader003,24.1,94.7,TJDADN1C
TAG_JLZ1Z1VX,RFID Tag,16499.6,2025-04-02 14:33:10,Reader003,24.1,94.7,JLZ1Z1VX
TAG_SXSLCELQ,RFID Tag,16501.9,2025-04-02 14:36:10,Reader003,24.1,94.7,SXSLCELQ
TAG_LNB7YC0J,RFID Tag,19999.7,2025-04-02 14:37:10,Reader003,24.1,94.7,LNB7YC0J
TAG_JLZ1Z1VX,RFID Tag,22999.4,2025-04-02 15:24:10,Reader003,24.1,94.7,JLZ1Z1VX
TAG_SXSLCELQ,RFID Tag,27501.9,2025-04-02 15:24:10,Reader003,24.1,94.7,SXSLCELQ
TAG_LNB7YC0J,RFID Tag,21530.5,2025-04-02 15:34:10,Reader003,24.1,94.7,LNB7YC0J
TAG_LNRTYYYC,RFID Tag,9001.4,2025-04-02 17:25:54,Reader003,24.1,94.7,LNRTYYYC
TAG_SHM1VH84,RFID Tag,20001.0,2025-04-02 17:28:54,Reader003,24.1,94.7,SHM1VH84
TAG_SHM1VH84,RFID Tag,23265.9,2025-04-02 18:20:54,Reader003,24.1,94.7,SHM1VH84
TAG_LNRTYYYC,RFID Tag,15500.6,2025-04-02 18:21:54,Reader003,24.1,94.7,LNRTYYYC
TAG_SHMBJDQ0,RFID Tag,20000.0,2025-04-02 22:19:05,Reader003,24.1,94.7,SHMBJDQ0
TAG_JLBRQ0KV,RFID Tag,9002.0,2025-04-02 22:41:51,Reader003,24.1,94.7,JLBRQ0KV
TAG_JLPKJ4PL,RFID Tag,16499.7,2025-04-02 22:48:51,Reader003,24.1,94.7,JLPKJ4PL
TAG_SHMBJDQ0,RFID Tag,23120.4,2025-04-02 23:18:05,Reader003,24.1,94.7,SHMBJDQ0
TAG_JLTR36K0,RFID Tag,20000.4,2025-04-02 23:33:23,Reader003,24.1,94.7,JLTR36K0
TAG_TJTY94H3,RFID Tag,19999.8,2025-04-02 23:33:23,Reader003,24.1,94.7,TJTY94H3
TAG_JLPKJ4PL,RFID Tag,23000.8,2025-04-02 23:45:51,Reader003,24.1,94.7,JLPKJ4PL
TAG_JLBRQ0KV,RFID Tag,9300.6,2025-04-02 23:48:51,Reader003,24.1,94.7,JLBRQ0KV
TAG_SXECYXDH,RFID Tag,8999.8,2025-04-03 00:26:27,Reader003,24.1,94.7,SXECYXDH
TAG_TJTY94H3,RFID Tag,21840.1,2025-04-03 00:32:23,Reader003,24.1,94.7,TJTY94H3
TAG_JLTR36K0,RFID Tag,31001.0,2025-04-03 00:33:23,Reader003,24.1,94.7,JLTR36K0
TAG_NMZWVSK4,RFID Tag,8999.8,2025-04-03 00:37:27,Reader003,24.1,94.7,NMZWVSK4
TAG_NMZWVSK4,RFID Tag,15499.4,2025-04-03 01:27:27,Reader003,24.1,94.7,NMZWVSK4
TAG_SXECYXDH,RFID Tag,11158.1,2025-04-03 01:36:27,Reader003,24.1,94.7,SXECYXDH
TAG_SXE3VRBT,RFID Tag,9001.7,2025-04-03 09:33:54,Reader003,24.1,94.7,SXE3VRBT
TAG_GDRR9JDJ,RFID Tag,16499.5,2025-04-03 09:35:54,Reader003,24.1,94.7,GDRR9JDJ
TAG_BJFQTAR6,RFID Tag,16500.1,2025-04-03 09:37:54,Reader003,24.1,94.7,BJFQTAR6
TAG_LNS4BCQ6,RFID Tag,16501.3,2025-04-03 09:57:08,Reader003,24.1,94.7,LNS4BCQ6
TAG_BJFQTAR6,RFID Tag,23000.0,2025-04-03 10:24:54,Reader003,24.1,94.7,BJFQTAR6
TAG_SXE3VRBT,RFID Tag,15501.3,2025-04-03 10:25:54,Reader003,24.1,94.7,SXE3VRBT
TAG_GDRR9JDJ,RFID Tag,17602.2,2025-04-03 10:32:54,Reader003,24.1,94.7,GDRR9JDJ
TAG_LNS4BCQ6,RFID Tag,22299.9,2025-04-03 10:59:08,Reader003,24.1,94.7,LNS4BCQ6
TAG_SXGRDBKM,RFID Tag,9000.6,2025-04-03 14:45:00,Reader003,24.1,94.7,SXGRDBKM
TAG_GDTL1B9D,RFID Tag,16499.0,2025-04-03 14:52:00,Reader003,24.1,94.7,GDTL1B9D
TAG_SXGRDBKM,RFID Tag,15499.8,2025-04-03 15:41:00,Reader003,24.1,94.7,SXGRDBKM
TAG_BJL3FQY7,RFID Tag,16499.3,2025-04-03 15:47:15,Reader003,24.1,94.7,BJL3FQY7
TAG_TJALNZ3A,RFID Tag,16499.7,2025-04-03 15:51:15,Reader003,24.1,94.7,TJALNZ3A
TAG_GDTL1B9D,RFID Tag,22539.6,2025-04-03 15:52:00,Reader003,24.1,94.7,GDTL1B9D
TAG_BJL3FQY7,RFID Tag,18835.6,2025-04-03 16:53:15,Reader003,24.1,94.7,BJL3FQY7
TAG_TJALNZ3A,RFID Tag,22999.9,2025-04-03 16:55:15,Reader003,24.1,94.7,TJALNZ3A
TAG_GDP6A30X,RFID Tag,9000.6,2025-04-03 19:01:49,Reader003,24.1,94.7,GDP6A30X
TAG_SHT5E3AJ,RFID Tag,8999.9,2025-04-03 19:39:44,Reader003,24.1,94.7,SHT5E3AJ
TAG_SXECYXDH,RFID Tag,8999.8,2025-04-03 19:43:44,Reader003,24.1,94.7,SXECYXDH
TAG_GDP6A30X,RFID Tag,12205.7,2025-04-03 20:01:49,Reader003,24.1,94.7,GDP6A30X
TAG_SHT5E3AJ,RFID Tag,15499.3,2025-04-03 20:28:44,Reader003,24.1,94.7,SHT5E3AJ
TAG_SXECYXDH,RFID Tag,15462.6,2025-04-03 20:36:44,Reader003,24.1,94.7,SXECYXDH
TAG_BJJ2SPHS,RFID Tag,16501.4,2025-04-04 01:42:11,Reader003,24.1,94.7,BJJ2SPHS
TAG_LNRTYYYC,RFID Tag,8999.2,2025-04-04 01:50:11,Reader003,24.1,94.7,LNRTYYYC
TAG_SXJ1P9S4,RFID Tag,16501.3,2025-04-04 01:50:11,Reader003,24.1,94.7,SXJ1P9S4
TAG_SXJ1P9S4,RFID Tag,23000.0,2025-04-04 02:41:11,Reader003,24.1,94.7,SXJ1P9S4
TAG_LNRTYYYC,RFID Tag,10245.5,2025-04-04 02:44:11,Reader003,24.1,94.7,LNRTYYYC
TAG_BJJ2SPHS,RFID Tag,23001.2,2025-04-04 02:47:11,Reader003,24.1,94.7,BJJ2SPHS
TAG_LNHJUV91,RFID Tag,9001.2,2025-04-04 04:14:03,Reader003,24.1,94.7,LNHJUV91
TAG_GDP6A30X,RFID Tag,9001.2,2025-04-04 04:19:03,Reader003,24.1,94.7,GDP6A30X
TAG_JLPKJ4PL,RFID Tag,16500.3,2025-04-04 04:24:03,Reader003,24.1,94.7,JLPKJ4PL
TAG_GDP6A30X,RFID Tag,15499.8,2025-04-04 05:09:03,Reader003,24.1,94.7,GDP6A30X
TAG_JLPKJ4PL,RFID Tag,23001.5,2025-04-04 05:20:03,Reader003,24.1,94.7,JLPKJ4PL
TAG_LNHJUV91,RFID Tag,12365.3,2025-04-04 05:21:03,Reader003,24.1,94.7,LNHJUV91
TAG_TJALNZ3A,RFID Tag,16500.0,2025-04-04 05:25:51,Reader003,24.1,94.7,TJALNZ3A
TAG_SXC07P09,RFID Tag,16499.0,2025-04-04 05:25:51,Reader003,24.1,94.7,SXC07P09
TAG_SXC07P09,RFID Tag,27499.1,2025-04-04 06:13:51,Reader003,24.1,94.7,SXC07P09
TAG_TJALNZ3A,RFID Tag,16907.3,2025-04-04 06:19:51,Reader003,24.1,94.7,TJALNZ3A
TAG_LNUXW5SW,RFID Tag,19999.1,2025-04-04 06:33:05,Reader003,24.1,94.7,LNUXW5SW
TAG_SXY4Q2WF,RFID Tag,16498.6,2025-04-04 06:40:05,Reader003,24.1,94.7,SXY4Q2WF
TAG_LNUXW5SW,RFID Tag,31000.4,2025-04-04 07:25:05,Reader003,24.1,94.7,LNUXW5SW
TAG_SXY4Q2WF,RFID Tag,23467.9,2025-04-04 07:30:05,Reader003,24.1,94.7,SXY4Q2WF
TAG_GDD3BXLG,RFID Tag,16499.2,2025-04-04 08:25:04,Reader003,24.1,94.7,GDD3BXLG
TAG_GDTL1B9D,RFID Tag,16499.8,2025-04-04 08:27:04,Reader003,24.1,94.7,GDTL1B9D
TAG_JLD9BKKQ,RFID Tag,20001.0,2025-04-04 08:31:59,Reader003,24.1,94.7,JLD9BKKQ
TAG_NMFK1N6E,RFID Tag,16499.7,2025-04-04 08:32:59,Reader003,24.1,94.7,NMFK1N6E
TAG_SHT5E3AJ,RFID Tag,8999.8,2025-04-04 08:39:59,Reader003,24.1,94.7,SHT5E3AJ
TAG_GDTL1B9D,RFID Tag,22999.6,2025-04-04 09:15:04,Reader003,24.1,94.7,GDTL1B9D
TAG_GDD3BXLG,RFID Tag,19689.3,2025-04-04 09:22:04,Reader003,24.1,94.7,GDD3BXLG
TAG_NMFK1N6E,RFID Tag,22999.6,2025-04-04 09:23:59,Reader003,24.1,94.7,NMFK1N6E
TAG_JLD9BKKQ,RFID Tag,24230.5,2025-04-04 09:32:59,Reader003,24.1,94.7,JLD9BKKQ
TAG_SHT5E3AJ,RFID Tag,15500.2,2025-04-04 09:34:59,Reader003,24.1,94.7,SHT5E3AJ
TAG_HBZ3CF69,RFID Tag,16499.8,2025-04-04 11:33:53,Reader003,24.1,94.7,HBZ3CF69
TAG_HBZ3CF69,RFID Tag,18949.2,2025-04-04 12:24:53,Reader003,24.1,94.7,HBZ3CF69
TAG_TJTY94H3,RFID Tag,19999.1,2025-04-04 13:02:30,Reader003,24.1,94.7,TJTY94H3
TAG_GDLNY0HG,RFID Tag,16502.2,2025-04-04 13:02:30,Reader003,24.1,94.7,GDLNY0HG
TAG_TJTY94H3,RFID Tag,20771.4,2025-04-04 13:55:30,Reader003,24.1,94.7,TJTY94H3
TAG_GDLNY0HG,RFID Tag,27503.2,2025-04-04 13:58:30,Reader003,24.1,94.7,GDLNY0HG
TAG_HLJPBLUKN,RFID Tag,19998.6,2025-04-04 17:46:42,Reader003,24.1,94.7,HLJPBLUKN
TAG_BJKLA8TW,RFID Tag,16500.9,2025-04-04 17:48:42,Reader003,24.1,94.7,BJKLA8TW
TAG_HLJPBLUKN,RFID Tag,30999.0,2025-04-04 18:46:42,Reader003,24.1,94.7,HLJPBLUKN
TAG_BJKLA8TW,RFID Tag,17937.4,2025-04-04 18:47:42,Reader003,24.1,94.7,BJKLA8TW
TAG_TJJ01JF5,RFID Tag,20000.6,2025-04-04 22:48:35,Reader003,24.1,94.7,TJJ01JF5
TAG_LNS4BCQ6,RFID Tag,16500.7,2025-04-04 23:24:31,Reader003,24.1,94.7,LNS4BCQ6
TAG_TJJ01JF5,RFID Tag,27775.1,2025-04-04 23:45:35,Reader003,24.1,94.7,TJJ01JF5
TAG_LNS4BCQ6,RFID Tag,24604.0,2025-04-05 00:26:31,Reader003,24.1,94.7,LNS4BCQ6
TAG_SXKE04W0,RFID Tag,20000.1,2025-04-05 02:17:13,Reader003,24.1,94.7,SXKE04W0
TAG_JLTR36K0,RFID Tag,20000.2,2025-04-05 02:18:13,Reader003,24.1,94.7,JLTR36K0
TAG_JLTR36K0,RFID Tag,27426.5,2025-04-05 03:15:13,Reader003,24.1,94.7,JLTR36K0
TAG_SXKE04W0,RFID Tag,30999.7,2025-04-05 03:18:13,Reader003,24.1,94.7,SXKE04W0
TAG_LNEFHHTL,RFID Tag,16499.2,2025-04-05 04:06:01,Reader003,24.1,94.7,LNEFHHTL
TAG_SHY7DVRK,RFID Tag,16499.7,2025-04-05 04:14:01,Reader003,24.1,94.7,SHY7DVRK
TAG_SHY7DVRK,RFID Tag,22999.1,2025-04-05 05:04:01,Reader003,24.1,94.7,SHY7DVRK
TAG_LNEFHHTL,RFID Tag,19899.7,2025-04-05 05:11:01,Reader003,24.1,94.7,LNEFHHTL
TAG_GDR673UT,RFID Tag,16500.6,2025-04-05 11:34:47,Reader003,24.1,94.7,GDR673UT
TAG_BJAV72FZ,RFID Tag,9000.2,2025-04-05 11:44:47,Reader003,24.1,94.7,BJAV72FZ
TAG_TJMXME7X,RFID Tag,20000.1,2025-04-05 12:03:27,Reader003,24.1,94.7,TJMXME7X
TAG_HLJPBLUKN,RFID Tag,20001.2,2025-04-05 12:10:14,Reader003,24.1,94.7,HLJPBLUKN
TAG_BJAV72FZ,RFID Tag,10843.5,2025-04-05 12:27:47,Reader003,24.1,94.7,BJAV72FZ
TAG_GDR673UT,RFID Tag,27499.9,2025-04-05 12:28:47,Reader003,24.1,94.7,GDR673UT
TAG_HLJPBLUKN,RFID Tag,26864.0,2025-04-05 13:00:14,Reader003,24.1,94.7,HLJPBLUKN
TAG_TJMXME7X,RFID Tag,27390.2,2025-04-05 13:00:27,Reader003,24.1,94.7,TJMXME7X
TAG_TJALNZ3A,RFID Tag,16499.0,2025-04-05 18:18:42,Reader003,24.1,94.7,TJALNZ3A
TAG_TJNVTEHQ,RFID Tag,16499.4,2025-04-05 18:20:34,Reader003,24.1,94.7,TJNVTEHQ
TAG_TJDADN1C,RFID Tag,16499.8,2025-04-05 18:20:42,Reader003,24.1,94.7,TJDADN1C
TAG_TJALNZ3A,RFID Tag,22997.9,2025-04-05 19:15:42,Reader003,24.1,94.7,TJALNZ3A
TAG_TJNVTEHQ,RFID Tag,20452.4,2025-04-05 19:19:34,Reader003,24.1,94.7,TJNVTEHQ
TAG_TJDADN1C,RFID Tag,19292.9,2025-04-05 19:19:42,Reader003,24.1,94.7,TJDADN1C
TAG_JLTR36K0,RFID Tag,19999.8,2025-04-05 20:14:03,Reader003,24.1,94.7,JLTR36K0
TAG_GDLNY0HG,RFID Tag,16498.0,2025-04-05 20:19:03,Reader003,24.1,94.7,GDLNY0HG
TAG_JLTR36K0,RFID Tag,21178.4,2025-04-05 21:12:03,Reader003,24.1,94.7,JLTR36K0
TAG_GDLNY0HG,RFID Tag,27497.4,2025-04-05 21:13:03,Reader003,24.1,94.7,GDLNY0HG
TAG_HBZ3CF69,RFID Tag,16500.4,2025-04-05 23:13:37,Reader003,24.1,94.7,HBZ3CF69
TAG_SXCUK1M6,RFID Tag,16500.2,2025-04-05 23:20:37,Reader003,24.1,94.7,SXCUK1M6
TAG_SXCUK1M6,RFID Tag,27501.9,2025-04-06 00:22:37,Reader003,24.1,94.7,SXCUK1M6
TAG_HBZ3CF69,RFID Tag,19803.6,2025-04-06 00:26:37,Reader003,24.1,94.7,HBZ3CF69
TAG_GDR1FGS7,RFID Tag,16499.1,2025-04-06 01:23:51,Reader003,24.1,94.7,GDR1FGS7
TAG_GDR1FGS7,RFID Tag,24909.9,2025-04-06 02:22:51,Reader003,24.1,94.7,GDR1FGS7
TAG_LNRTYYYC,RFID Tag,9001.7,2025-04-06 07:56:53,Reader003,24.1,94.7,LNRTYYYC
TAG_GDSWDGYT,RFID Tag,8998.2,2025-04-06 07:59:53,Reader003,24.1,94.7,GDSWDGYT
TAG_BJAV72FZ,RFID Tag,9000.2,2025-04-06 07:59:53,Reader003,24.1,94.7,BJAV72FZ
TAG_LNS4BCQ6,RFID Tag,16500.2,2025-04-06 08:31:28,Reader003,24.1,94.7,LNS4BCQ6
TAG_TJTY94H3,RFID Tag,19999.5,2025-04-06 08:40:28,Reader003,24.1,94.7,TJTY94H3
TAG_TJDADN1C,RFID Tag,16499.7,2025-04-06 08:43:55,Reader003,24.1,94.7,TJDADN1C
TAG_GDSWDGYT,RFID Tag,15498.7,2025-04-06 08:55:53,Reader003,24.1,94.7,GDSWDGYT
TAG_BJAV72FZ,RFID Tag,15499.1,2025-04-06 08:56:53,Reader003,24.1,94.7,BJAV72FZ
TAG_LNRTYYYC,RFID Tag,14895.4,2025-04-06 09:01:53,Reader003,24.1,94.7,LNRTYYYC
TAG_LNS4BCQ6,RFID Tag,27499.1,2025-04-06 09:29:28,Reader003,24.1,94.7,LNS4BCQ6
TAG_TJTY94H3,RFID Tag,21730.0,2025-04-06 09:31:28,Reader003,24.1,94.7,TJTY94H3
TAG_TJDADN1C,RFID Tag,25011.2,2025-04-06 09:41:55,Reader003,24.1,94.7,TJDADN1C
TAG_GDLNY0HG,RFID Tag,16500.8,2025-04-06 11:51:20,Reader003,24.1,94.7,GDLNY0HG
TAG_GDLNY0HG,RFID Tag,24972.5,2025-04-06 12:47:20,Reader003,24.1,94.7,GDLNY0HG
TAG_LNN5L5GQ,RFID Tag,20000.5,2025-04-06 12:52:19,Reader003,24.1,94.7,LNN5L5GQ
TAG_SXXF2MT5,RFID Tag,9001.3,2025-04-06 12:58:19,Reader003,24.1,94.7,SXXF2MT5
TAG_GDLNY0HG,RFID Tag,16499.9,2025-04-06 13:30:28,Reader003,24.1,94.7,GDLNY0HG
TAG_SHMZMCQJ,RFID Tag,19999.8,2025-04-06 13:30:28,Reader003,24.1,94.7,SHMZMCQJ
TAG_SXXF2MT5,RFID Tag,15502.2,2025-04-06 13:51:19,Reader003,24.1,94.7,SXXF2MT5
TAG_LNN5L5GQ,RFID Tag,26444.3,2025-04-06 13:55:19,Reader003,24.1,94.7,LNN5L5GQ
TAG_GDLNY0HG,RFID Tag,27499.8,2025-04-06 14:19:28,Reader003,24.1,94.7,GDLNY0HG
TAG_SHMZMCQJ,RFID Tag,20486.7,2025-04-06 14:31:28,Reader003,24.1,94.7,SHMZMCQJ
TAG_SXSLCELQ,RFID Tag,16501.0,2025-04-06 15:03:56,Reader003,24.1,94.7,SXSLCELQ
TAG_SXSLCELQ,RFID Tag,25256.8,2025-04-06 15:57:56,Reader003,24.1,94.7,SXSLCELQ
TAG_BJZ9CLW1,RFID Tag,16499.8,2025-04-06 21:16:05,Reader003,24.1,94.7,BJZ9CLW1
TAG_BJSH0JZB,RFID Tag,8999.1,2025-04-06 21:50:46,Reader003,24.1,94.7,BJSH0JZB
TAG_BJL3FQY7,RFID Tag,16502.5,2025-04-06 21:56:46,Reader003,24.1,94.7,BJL3FQY7
TAG_BJZ9CLW1,RFID Tag,27032.8,2025-04-06 22:05:05,Reader003,24.1,94.7,BJZ9CLW1
TAG_BJL3FQY7,RFID Tag,23004.1,2025-04-06 22:51:46,Reader003,24.1,94.7,BJL3FQY7
TAG_BJSH0JZB,RFID Tag,9727.3,2025-04-06 22:55:46,Reader003,24.1,94.7,BJSH0JZB
TAG_GDTL1B9D,RFID Tag,16498.3,2025-04-06 23:43:34,Reader003,24.1,94.7,GDTL1B9D
TAG_BJZ9CLW1,RFID Tag,16501.1,2025-04-06 23:50:34,Reader003,24.1,94.7,BJZ9CLW1
TAG_GDTL1B9D,RFID Tag,22998.6,2025-04-07 00:38:34,Reader003,24.1,94.7,GDTL1B9D
TAG_BJZ9CLW1,RFID Tag,20757.8,2025-04-07 00:45:34,Reader003,24.1,94.7,BJZ9CLW1
TAG_LNS4BCQ6,RFID Tag,16499.1,2025-04-07 02:38:45,Reader003,24.1,94.7,LNS4BCQ6
TAG_GDLNY0HG,RFID Tag,16500.0,2025-04-07 02:43:45,Reader003,24.1,94.7,GDLNY0HG
TAG_GDLNY0HG,RFID Tag,22217.3,2025-04-07 03:36:45,Reader003,24.1,94.7,GDLNY0HG
TAG_LNS4BCQ6,RFID Tag,27499.1,2025-04-07 03:38:45,Reader003,24.1,94.7,LNS4BCQ6
TAG_GDLNY0HG,RFID Tag,16500.4,2025-04-07 04:15:30,Reader003,24.1,94.7,GDLNY0HG
TAG_SHMZMCQJ,RFID Tag,19999.6,2025-04-07 04:19:30,Reader003,24.1,94.7,SHMZMCQJ
TAG_SHMZMCQJ,RFID Tag,30998.8,2025-04-07 05:09:30,Reader003,24.1,94.7,SHMZMCQJ
TAG_GDLNY0HG,RFID Tag,21566.3,2025-04-07 05:10:30,Reader003,24.1,94.7,GDLNY0HG
TAG_GDTL1B9D,RFID Tag,16499.2,2025-04-07 07:28:42,Reader003,24.1,94.7,GDTL1B9D
TAG_HBZU919T,RFID Tag,16498.9,2025-04-07 07:28:42,Reader003,24.1,94.7,HBZU919T
TAG_HBZU919T,RFID Tag,22999.6,2025-04-07 08:25:42,Reader003,24.1,94.7,HBZU919T
TAG_GDTL1B9D,RFID Tag,17474.5,2025-04-07 08:28:42,Reader003,24.1,94.7,GDTL1B9D
TAG_GDUUMM8D,RFID Tag,16501.3,2025-04-07 08:36:43,Reader003,24.1,94.7,GDUUMM8D
TAG_GDUUMM8D,RFID Tag,20348.6,2025-04-07 09:29:43,Reader003,24.1,94.7,GDUUMM8D
TAG_BJD56XUG,RFID Tag,16500.7,2025-04-07 11:26:21,Reader003,24.1,94.7,BJD56XUG
TAG_SHBSQVP1,RFID Tag,16500.8,2025-04-07 11:27:21,Reader003,24.1,94.7,SHBSQVP1
TAG_SHBSQVP1,RFID Tag,23000.7,2025-04-07 12:18:21,Reader003,24.1,94.7,SHBSQVP1
TAG_BJD56XUG,RFID Tag,21163.6,2025-04-07 12:24:21,Reader003,24.1,94.7,BJD56XUG
TAG_SHMZMCQJ,RFID Tag,20000.2,2025-04-07 19:07:00,Reader003,24.1,94.7,SHMZMCQJ
TAG_SHMZMCQJ,RFID Tag,30974.6,2025-04-07 20:03:00,Reader003,24.1,94.7,SHMZMCQJ
TAG_BJKLA8TW,RFID Tag,16501.5,2025-04-07 23:09:46,Reader003,24.1,94.7,BJKLA8TW
TAG_GDRR9JDJ,RFID Tag,16500.6,2025-04-07 23:19:46,Reader003,24.1,94.7,GDRR9JDJ
TAG_BJKLA8TW,RFID Tag,27500.9,2025-04-08 00:01:46,Reader003,24.1,94.7,BJKLA8TW
TAG_GDRR9JDJ,RFID Tag,21770.5,2025-04-08 00:10:46,Reader003,24.1,94.7,GDRR9JDJ
TAG_LNG09L92,RFID Tag,8999.7,2025-04-08 02:14:50,Reader003,24.1,94.7,LNG09L92
TAG_SXWPT04B,RFID Tag,9000.8,2025-04-08 02:21:50,Reader003,24.1,94.7,SXWPT04B
TAG_LNHJUV91,RFID Tag,9000.4,2025-04-08 02:25:50,Reader003,24.1,94.7,LNHJUV91
TAG_SXWPT04B,RFID Tag,15502.5,2025-04-08 03:19:50,Reader003,24.1,94.7,SXWPT04B
TAG_LNHJUV91,RFID Tag,15499.6,2025-04-08 03:25:50,Reader003,24.1,94.7,LNHJUV91
TAG_LNG09L92,RFID Tag,9206.0,2025-04-08 03:32:50,Reader003,24.1,94.7,LNG09L92
TAG_TJJ01JF5,RFID Tag,19999.0,2025-04-08 04:28:32,Reader003,24.1,94.7,TJJ01JF5
TAG_GDRR9JDJ,RFID Tag,16501.4,2025-04-08 04:28:32,Reader003,24.1,94.7,GDRR9JDJ
TAG_TJJ01JF5,RFID Tag,25296.6,2025-04-08 05:24:32,Reader003,24.1,94.7,TJJ01JF5
TAG_GDRR9JDJ,RFID Tag,27501.7,2025-04-08 05:26:32,Reader003,24.1,94.7,GDRR9JDJ
TAG_SHT5E3AJ,RFID Tag,8999.4,2025-04-08 07:17:25,Reader003,24.1,94.7,SHT5E3AJ
TAG_SXC07P09,RFID Tag,16499.5,2025-04-08 07:20:25,Reader003,24.1,94.7,SXC07P09
TAG_SXC07P09,RFID Tag,20536.3,2025-04-08 08:16:25,Reader003,24.1,94.7,SXC07P09
TAG_SHT5E3AJ,RFID Tag,15500.2,2025-04-08 08:17:25,Reader003,24.1,94.7,SHT5E3AJ
TAG_SXKE04W0,RFID Tag,19999.6,2025-04-08 08:45:41,Reader003,24.1,94.7,SXKE04W0
TAG_SXKE04W0,RFID Tag,25930.8,2025-04-08 09:38:41,Reader003,24.1,94.7,SXKE04W0
TAG_SXKE04W0,RFID Tag,20000.3,2025-04-08 16:44:56,Reader003,24.1,94.7,SXKE04W0
TAG_LNS4BCQ6,RFID Tag,16500.3,2025-04-08 16:54:56,Reader003,24.1,94.7,LNS4BCQ6
TAG_SXKE04W0,RFID Tag,31000.0,2025-04-08 17:34:56,Reader003,24.1,94.7,SXKE04W0
TAG_LNS4BCQ6,RFID Tag,23637.8,2025-04-08 17:43:56,Reader003,24.1,94.7,LNS4BCQ6
TAG_SXSLCELQ,RFID Tag,16501.0,2025-04-08 20:09:52,Reader003,24.1,94.7,SXSLCELQ
TAG_SXRSUGTP,RFID Tag,9000.2,2025-04-08 20:14:52,Reader003,24.1,94.7,SXRSUGTP
TAG_SXRSUGTP,RFID Tag,15500.9,2025-04-08 21:14:52,Reader003,24.1,94.7,SXRSUGTP
TAG_SXSLCELQ,RFID Tag,22590.2,2025-04-08 21:17:52,Reader003,24.1,94.7,SXSLCELQ
TAG_HLJPBLUKN,RFID Tag,19998.6,2025-04-08 23:16:53,Reader003,24.1,94.7,HLJPBLUKN
TAG_BJFQTAR6,RFID Tag,16500.9,2025-04-08 23:29:53,Reader003,24.1,94.7,BJFQTAR6
TAG_HLJPBLUKN,RFID Tag,30998.5,2025-04-09 00:08:53,Reader003,24.1,94.7,HLJPBLUKN
TAG_BJFQTAR6,RFID Tag,21358.1,2025-04-09 00:17:53,Reader003,24.1,94.7,BJFQTAR6
TAG_HLJW7BGB0,RFID Tag,16498.9,2025-04-09 00:18:09,Reader003,24.1,94.7,HLJW7BGB0
TAG_HLJW7BGB0,RFID Tag,23012.6,2025-04-09 01:11:09,Reader003,24.1,94.7,HLJW7BGB0
TAG_TJNVTEHQ,RFID Tag,16499.4,2025-04-09 02:44:50,Reader003,24.1,94.7,TJNVTEHQ
TAG_TJNVTEHQ,RFID Tag,20588.1,2025-04-09 03:47:50,Reader003,24.1,94.7,TJNVTEHQ
TAG_JLM6MUS3,RFID Tag,9000.6,2025-04-09 08:35:39,Reader003,24.1,94.7,JLM6MUS3
TAG_GDUREAH1,RFID Tag,19999.2,2025-04-09 08:38:39,Reader003,24.1,94.7,GDUREAH1
TAG_GDA0U87X,RFID Tag,16500.2,2025-04-09 09:11:21,Reader003,24.1,94.7,GDA0U87X
TAG_SXXF2MT5,RFID Tag,8999.0,2025-04-09 09:17:21,Reader003,24.1,94.7,SXXF2MT5
TAG_GDUREAH1,RFID Tag,31000.0,2025-04-09 09:36:39,Reader003,24.1,94.7,GDUREAH1
TAG_JLM6MUS3,RFID Tag,13541.5,2025-04-09 09:38:39,Reader003,24.1,94.7,JLM6MUS3
TAG_SXXF2MT5,RFID Tag,15499.9,2025-04-09 10:07:21,Reader003,24.1,94.7,SXXF2MT5
TAG_GDA0U87X,RFID Tag,20976.8,2025-04-09 10:08:21,Reader003,24.1,94.7,GDA0U87X
TAG_GDLNY0HG,RFID Tag,16501.3,2025-04-09 12:38:09,Reader003,24.1,94.7,GDLNY0HG
TAG_GDLNY0HG,RFID Tag,25405.8,2025-04-09 13:38:09,Reader003,24.1,94.7,GDLNY0HG
TAG_SHT5E3AJ,RFID Tag,8998.1,2025-04-09 14:50:00,Reader003,24.1,94.7,SHT5E3AJ
TAG_BJL3FQY7,RFID Tag,16498.8,2025-04-09 14:52:00,Reader003,24.1,94.7,BJL3FQY7
TAG_SHT5E3AJ,RFID Tag,15499.4,2025-04-09 15:48:00,Reader003,24.1,94.7,SHT5E3AJ
TAG_BJL3FQY7,RFID Tag,18381.6,2025-04-09 15:51:00,Reader003,24.1,94.7,BJL3FQY7
TAG_TJZ32J80,RFID Tag,20001.2,2025-04-09 20:02:45,Reader003,24.1,94.7,TJZ32J80
TAG_BJD56XUG,RFID Tag,16498.5,2025-04-09 20:04:45,Reader003,24.1,94.7,BJD56XUG
TAG_TJZ32J80,RFID Tag,30999.8,2025-04-09 21:03:45,Reader003,24.1,94.7,TJZ32J80
TAG_BJD56XUG,RFID Tag,23258.3,2025-04-09 21:04:45,Reader003,24.1,94.7,BJD56XUG
TAG_JLPKJ4PL,RFID Tag,16500.5,2025-04-09 21:59:05,Reader003,24.1,94.7,JLPKJ4PL
TAG_LNHJUV91,RFID Tag,8999.7,2025-04-09 22:09:05,Reader003,24.1,94.7,LNHJUV91
TAG_LNHJUV91,RFID Tag,15498.0,2025-04-09 23:08:05,Reader003,24.1,94.7,LNHJUV91
TAG_JLPKJ4PL,RFID Tag,22578.6,2025-04-09 23:11:05,Reader003,24.1,94.7,JLPKJ4PL
TAG_SXY4Q2WF,RFID Tag,16498.1,2025-04-10 00:41:07,Reader003,24.1,94.7,SXY4Q2WF
TAG_BJZ9CLW1,RFID Tag,16501.7,2025-04-10 00:55:47,Reader003,24.1,94.7,BJZ9CLW1
TAG_HBZU919T,RFID Tag,16500.0,2025-04-10 00:57:47,Reader003,24.1,94.7,HBZU919T
TAG_BJD56XUG,RFID Tag,16500.6,2025-04-10 00:59:47,Reader003,24.1,94.7,BJD56XUG
TAG_SXY4Q2WF,RFID Tag,25177.0,2025-04-10 01:34:07,Reader003,24.1,94.7,SXY4Q2WF
TAG_BJZ9CLW1,RFID Tag,27501.4,2025-04-10 01:48:47,Reader003,24.1,94.7,BJZ9CLW1
TAG_HBZU919T,RFID Tag,22999.3,2025-04-10 01:58:47,Reader003,24.1,94.7,HBZU919T
TAG_BJD56XUG,RFID Tag,17205.8,2025-04-10 02:01:47,Reader003,24.1,94.7,BJD56XUG
TAG_GDR673UT,RFID Tag,16499.1,2025-04-10 02:43:08,Reader003,24.1,94.7,GDR673UT
TAG_GDR673UT,RFID Tag,25924.0,2025-04-10 03:38:08,Reader003,24.1,94.7,GDR673UT
TAG_JLBRQ0KV,RFID Tag,8999.1,2025-04-10 10:09:01,Reader003,24.1,94.7,JLBRQ0KV
TAG_JLPKJ4PL,RFID Tag,16498.2,2025-04-10 10:12:01,Reader003,24.1,94.7,JLPKJ4PL
TAG_SXWPT04B,RFID Tag,9001.4,2025-04-10 10:13:01,Reader003,24.1,94.7,SXWPT04B
TAG_JLBRQ0KV,RFID Tag,11243.6,2025-04-10 11:07:01,Reader003,24.1,94.7,JLBRQ0KV
TAG_JLPKJ4PL,RFID Tag,22997.9,2025-04-10 11:09:01,Reader003,24.1,94.7,JLPKJ4PL
TAG_SXWPT04B,RFID Tag,15502.1,2025-04-10 11:12:01,Reader003,24.1,94.7,SXWPT04B
TAG_NMFK1N6E,RFID Tag,16500.8,2025-04-10 20:18:31,Reader003,24.1,94.7,NMFK1N6E
TAG_NMBWNKZP,RFID Tag,16500.4,2025-04-10 20:19:31,Reader003,24.1,94.7,NMBWNKZP
TAG_BJSH0JZB,RFID Tag,9000.6,2025-04-10 20:26:31,Reader003,24.1,94.7,BJSH0JZB
TAG_JLTR36K0,RFID Tag,19999.4,2025-04-10 20:31:46,Reader003,24.1,94.7,JLTR36K0
TAG_GDR1FGS7,RFID Tag,16500.4,2025-04-10 20:50:14,Reader003,24.1,94.7,GDR1FGS7
TAG_TJNVTEHQ,RFID Tag,16499.0,2025-04-10 21:05:14,Reader003,24.1,94.7,TJNVTEHQ
TAG_NMBWNKZP,RFID Tag,20688.5,2025-04-10 21:12:31,Reader003,24.1,94.7,NMBWNKZP
TAG_NMFK1N6E,RFID Tag,22999.8,2025-04-10 21:13:31,Reader003,24.1,94.7,NMFK1N6E
TAG_BJSH0JZB,RFID Tag,15500.2,2025-04-10 21:14:31,Reader003,24.1,94.7,BJSH0JZB
TAG_JLTR36K0,RFID Tag,23988.1,2025-04-10 21:33:46,Reader003,24.1,94.7,JLTR36K0
TAG_GDR1FGS7,RFID Tag,27498.7,2025-04-10 21:40:14,Reader003,24.1,94.7,GDR1FGS7
TAG_TJNVTEHQ,RFID Tag,24705.2,2025-04-10 21:43:14,Reader003,24.1,94.7,TJNVTEHQ
TAG_SHMZMCQJ,RFID Tag,20002.1,2025-04-10 21:56:16,Reader003,24.1,94.7,SHMZMCQJ
TAG_SXKE04W0,RFID Tag,20000.1,2025-04-10 22:06:16,Reader003,24.1,94.7,SXKE04W0
TAG_SXKE04W0,RFID Tag,31001.8,2025-04-10 22:57:16,Reader003,24.1,94.7,SXKE04W0
TAG_SHMZMCQJ,RFID Tag,28760.1,2025-04-10 22:59:16,Reader003,24.1,94.7,SHMZMCQJ
TAG_LNEFHHTL,RFID Tag,16499.1,2025-04-11 01:04:01,Reader003,24.1,94.7,LNEFHHTL
TAG_TJJ01JF5,RFID Tag,20000.8,2025-04-11 01:07:01,Reader003,24.1,94.7,TJJ01JF5
TAG_LNEFHHTL,RFID Tag,27499.2,2025-04-11 02:02:01,Reader003,24.1,94.7,LNEFHHTL
TAG_TJJ01JF5,RFID Tag,22341.6,2025-04-11 02:04:01,Reader003,24.1,94.7,TJJ01JF5
TAG_SXLKP18M,RFID Tag,9000.2,2025-04-11 02:36:59,Reader003,24.1,94.7,SXLKP18M
TAG_GDRR9JDJ,RFID Tag,16502.4,2025-04-11 02:38:59,Reader003,24.1,94.7,GDRR9JDJ
TAG_GDRR9JDJ,RFID Tag,27502.1,2025-04-11 03:30:59,Reader003,24.1,94.7,GDRR9JDJ
TAG_SXLKP18M,RFID Tag,14728.8,2025-04-11 03:35:59,Reader003,24.1,94.7,SXLKP18M
TAG_SHY7DVRK,RFID Tag,16500.4,2025-04-11 05:14:52,Reader003,24.1,94.7,SHY7DVRK
TAG_SHY7DVRK,RFID Tag,18424.7,2025-04-11 06:11:52,Reader003,24.1,94.7,SHY7DVRK
TAG_SHY7DVRK,RFID Tag,16500.8,2025-04-11 08:48:37,Reader003,24.1,94.7,SHY7DVRK
TAG_BJTUVTKD,RFID Tag,19999.1,2025-04-11 08:51:20,Reader003,24.1,94.7,BJTUVTKD
TAG_NMEFP8ME,RFID Tag,16499.6,2025-04-11 08:51:37,Reader003,24.1,94.7,NMEFP8ME
TAG_NMWU5ZLM,RFID Tag,9000.3,2025-04-11 08:55:20,Reader003,24.1,94.7,NMWU5ZLM
TAG_BJL3FQY7,RFID Tag,16499.9,2025-04-11 09:23:41,Reader003,24.1,94.7,BJL3FQY7
TAG_BJSH0JZB,RFID Tag,8998.5,2025-04-11 09:23:41,Reader003,24.1,94.7,BJSH0JZB
TAG_SXECYXDH,RFID Tag,8999.3,2025-04-11 09:25:41,Reader003,24.1,94.7,SXECYXDH
TAG_NMWU5ZLM,RFID Tag,15499.9,2025-04-11 09:42:20,Reader003,24.1,94.7,NMWU5ZLM
TAG_NMEFP8ME,RFID Tag,27500.7,2025-04-11 09:45:37,Reader003,24.1,94.7,NMEFP8ME
TAG_SHY7DVRK,RFID Tag,21462.2,2025-04-11 09:47:37,Reader003,24.1,94.7,SHY7DVRK
TAG_BJTUVTKD,RFID Tag,20104.3,2025-04-11 09:55:20,Reader003,24.1,94.7,BJTUVTKD
TAG_SXECYXDH,RFID Tag,15499.4,2025-04-11 10:11:41,Reader003,24.1,94.7,SXECYXDH
TAG_BJL3FQY7,RFID Tag,22999.2,2025-04-11 10:21:41,Reader003,24.1,94.7,BJL3FQY7
TAG_BJSH0JZB,RFID Tag,13343.6,2025-04-11 10:28:41,Reader003,24.1,94.7,BJSH0JZB
TAG_GDP6A30X,RFID Tag,9000.0,2025-04-11 12:27:22,Reader003,24.1,94.7,GDP6A30X
TAG_LNHJUV91,RFID Tag,9000.5,2025-04-11 12:35:22,Reader003,24.1,94.7,LNHJUV91
TAG_GDP6A30X,RFID Tag,15500.3,2025-04-11 13:19:22,Reader003,24.1,94.7,GDP6A30X
TAG_LNHJUV91,RFID Tag,11276.8,2025-04-11 13:21:22,Reader003,24.1,94.7,LNHJUV91
TAG_HLJW7BGB0,RFID Tag,16499.1,2025-04-11 18:28:11,Reader003,24.1,94.7,HLJW7BGB0
TAG_NMUPZB15,RFID Tag,20001.5,2025-04-11 18:33:11,Reader003,24.1,94.7,NMUPZB15
TAG_NMUPZB15,RFID Tag,31002.2,2025-04-11 19:30:11,Reader003,24.1,94.7,NMUPZB15
TAG_HLJW7BGB0,RFID Tag,21123.4,2025-04-11 19:32:11,Reader003,24.1,94.7,HLJW7BGB0
TAG_BJL3FQY7,RFID Tag,16501.2,2025-04-11 23:11:07,Reader003,24.1,94.7,BJL3FQY7
TAG_NMZWVSK4,RFID Tag,8999.5,2025-04-11 23:12:07,Reader003,24.1,94.7,NMZWVSK4
TAG_NMBWNKZP,RFID Tag,16497.6,2025-04-11 23:14:07,Reader003,24.1,94.7,NMBWNKZP
TAG_NMZWVSK4,RFID Tag,15499.4,2025-04-12 00:10:07,Reader003,24.1,94.7,NMZWVSK4
TAG_BJL3FQY7,RFID Tag,23001.8,2025-04-12 00:16:07,Reader003,24.1,94.7,BJL3FQY7
TAG_NMBWNKZP,RFID Tag,19350.9,2025-04-12 00:19:07,Reader003,24.1,94.7,NMBWNKZP
TAG_BJQBFUKT,RFID Tag,19998.9,2025-04-12 00:33:50,Reader003,24.1,94.7,BJQBFUKT
TAG_SXSLCELQ,RFID Tag,16500.3,2025-04-12 00:40:50,Reader003,24.1,94.7,SXSLCELQ
TAG_BJQBFUKT,RFID Tag,24619.1,2025-04-12 01:34:50,Reader003,24.1,94.7,BJQBFUKT
TAG_SXSLCELQ,RFID Tag,27500.7,2025-04-12 01:34:50,Reader003,24.1,94.7,SXSLCELQ
TAG_SXGRDBKM,RFID Tag,8999.9,2025-04-12 03:23:01,Reader003,24.1,94.7,SXGRDBKM
TAG_SHBSQVP1,RFID Tag,16498.4,2025-04-12 03:27:01,Reader003,24.1,94.7,SHBSQVP1
TAG_SXGRDBKM,RFID Tag,15500.7,2025-04-12 04:14:01,Reader003,24.1,94.7,SXGRDBKM
TAG_SHBSQVP1,RFID Tag,21493.6,2025-04-12 04:19:01,Reader003,24.1,94.7,SHBSQVP1
TAG_NMKDY1ST,RFID Tag,16498.8,2025-04-12 07:01:35,Reader003,24.1,94.7,NMKDY1ST
TAG_NMKDY1ST,RFID Tag,23450.8,2025-04-12 07:57:35,Reader003,24.1,94.7,NMKDY1ST
TAG_TJNVTEHQ,RFID Tag,16497.8,2025-04-12 10:21:11,Reader003,24.1,94.7,TJNVTEHQ
TAG_HBT7RG5L,RFID Tag,16500.5,2025-04-12 10:26:11,Reader003,24.1,94.7,HBT7RG5L
TAG_TJNVTEHQ,RFID Tag,27498.8,2025-04-12 11:24:11,Reader003,24.1,94.7,TJNVTEHQ
TAG_HBT7RG5L,RFID Tag,20411.0,2025-04-12 11:26:11,Reader003,24.1,94.7,HBT7RG5L
TAG_LNHJUV91,RFID Tag,8999.6,2025-04-12 12:43:51,Reader003,24.1,94.7,LNHJUV91
TAG_LNHJUV91,RFID Tag,10036.4,2025-04-12 13:40:51,Reader003,24.1,94.7,LNHJUV91
TAG_LNS4BCQ6,RFID Tag,16501.1,2025-04-12 19:20:59,Reader003,24.1,94.7,LNS4BCQ6
TAG_TJTY94H3,RFID Tag,20000.4,2025-04-12 19:25:59,Reader003,24.1,94.7,TJTY94H3
TAG_TJTY94H3,RFID Tag,31000.1,2025-04-12 20:27:59,Reader003,24.1,94.7,TJTY94H3
TAG_LNS4BCQ6,RFID Tag,17797.7,2025-04-12 20:29:59,Reader003,24.1,94.7,LNS4BCQ6
TAG_LNG09L92,RFID Tag,8999.0,2025-04-13 00:08:29,Reader003,24.1,94.7,LNG09L92
TAG_LNG09L92,RFID Tag,11477.4,2025-04-13 01:01:29,Reader003,24.1,94.7,LNG09L92
TAG_NMZWVSK4,RFID Tag,8998.8,2025-04-13 03:14:03,Reader003,24.1,94.7,NMZWVSK4
TAG_NMZWVSK4,RFID Tag,14854.4,2025-04-13 04:05:03,Reader003,24.1,94.7,NMZWVSK4
TAG_NMFK1N6E,RFID Tag,16501.1,2025-04-13 09:39:48,Reader003,24.1,94.7,NMFK1N6E
TAG_SHT5E3AJ,RFID Tag,9001.8,2025-04-13 09:40:48,Reader003,24.1,94.7,SHT5E3AJ
TAG_BJSH0JZB,RFID Tag,9000.2,2025-04-13 09:44:48,Reader003,24.1,94.7,BJSH0JZB
TAG_BJSH0JZB,RFID Tag,15499.2,2025-04-13 10:33:48,Reader003,24.1,94.7,BJSH0JZB
TAG_SHT5E3AJ,RFID Tag,15502.0,2025-04-13 10:38:48,Reader003,24.1,94.7,SHT5E3AJ
TAG_NMFK1N6E,RFID Tag,19995.7,2025-04-13 10:46:48,Reader003,24.1,94.7,NMFK1N6E
TAG_NMKD0LJX,RFID Tag,16500.0,2025-04-13 12:24:39,Reader003,24.1,94.7,NMKD0LJX
TAG_HLJV0D91W,RFID Tag,16498.8,2025-04-13 12:30:39,Reader003,24.1,94.7,HLJV0D91W
TAG_HLJV0D91W,RFID Tag,27498.8,2025-04-13 13:26:39,Reader003,24.1,94.7,HLJV0D91W
TAG_NMKD0LJX,RFID Tag,21728.4,2025-04-13 13:27:39,Reader003,24.1,94.7,NMKD0LJX
TAG_BJAV72FZ,RFID Tag,9000.5,2025-04-13 14:51:23,Reader003,24.1,94.7,BJAV72FZ
TAG_BJJ2SPHS,RFID Tag,16499.1,2025-04-13 14:54:23,Reader003,24.1,94.7,BJJ2SPHS
TAG_SXXF2MT5,RFID Tag,8999.2,2025-04-13 14:54:42,Reader003,24.1,94.7,SXXF2MT5
TAG_BJJ2SPHS,RFID Tag,22998.9,2025-04-13 15:44:23,Reader003,24.1,94.7,BJJ2SPHS
TAG_SXXF2MT5,RFID Tag,14834.0,2025-04-13 15:46:42,Reader003,24.1,94.7,SXXF2MT5
TAG_BJAV72FZ,RFID Tag,12695.2,2025-04-13 15:56:23,Reader003,24.1,94.7,BJAV72FZ
TAG_GDLNY0HG,RFID Tag,16499.9,2025-04-14 00:01:57,Reader003,24.1,94.7,GDLNY0HG
TAG_GDLNY0HG,RFID Tag,19771.0,2025-04-14 00:52:57,Reader003,24.1,94.7,GDLNY0HG
TAG_GDD3BXLG,RFID Tag,16498.2,2025-04-14 02:28:21,Reader003,24.1,94.7,GDD3BXLG
TAG_GDD3BXLG,RFID Tag,21342.5,2025-04-14 03:22:21,Reader003,24.1,94.7,GDD3BXLG
TAG_SXRSUGTP,RFID Tag,9000.9,2025-04-14 09:20:25,Reader003,24.1,94.7,SXRSUGTP
TAG_LNH9GCL5,RFID Tag,16499.4,2025-04-14 09:22:25,Reader003,24.1,94.7,LNH9GCL5
TAG_LNH9GCL5,RFID Tag,23073.1,2025-04-14 10:13:25,Reader003,24.1,94.7,LNH9GCL5
TAG_SXRSUGTP,RFID Tag,15500.0,2025-04-14 10:16:25,Reader003,24.1,94.7,SXRSUGTP
TAG_HBAVLM0T,RFID Tag,8998.1,2025-04-14 10:22:50,Reader003,24.1,94.7,HBAVLM0T
TAG_LNQEX7AJ,RFID Tag,8998.1,2025-04-14 10:24:50,Reader003,24.1,94.7,LNQEX7AJ
TAG_TJMXME7X,RFID Tag,19999.4,2025-04-14 10:26:50,Reader003,24.1,94.7,TJMXME7X
TAG_HBAVLM0T,RFID Tag,15496.6,2025-04-14 11:22:50,Reader003,24.1,94.7,HBAVLM0T
TAG_TJMXME7X,RFID Tag,25248.1,2025-04-14 11:23:50,Reader003,24.1,94.7,TJMXME7X
TAG_LNQEX7AJ,RFID Tag,15498.3,2025-04-14 11:26:50,Reader003,24.1,94.7,LNQEX7AJ
TAG_SHMBJDQ0,RFID Tag,20000.1,2025-04-14 11:32:20,Reader003,24.1,94.7,SHMBJDQ0
TAG_SHMBJDQ0,RFID Tag,23767.7,2025-04-14 12:27:20,Reader003,24.1,94.7,SHMBJDQ0
TAG_LNH9GCL5,RFID Tag,16500.2,2025-04-14 13:24:26,Reader003,24.1,94.7,LNH9GCL5
TAG_LNH9GCL5,RFID Tag,19616.7,2025-04-14 14:15:26,Reader003,24.1,94.7,LNH9GCL5
TAG_LNRTYYYC,RFID Tag,9000.7,2025-04-14 15:01:51,Reader003,24.1,94.7,LNRTYYYC
TAG_BJJ2SPHS,RFID Tag,16500.9,2025-04-14 15:05:51,Reader003,24.1,94.7,BJJ2SPHS
TAG_BJTUVTKD,RFID Tag,20001.1,2025-04-14 15:06:51,Reader003,24.1,94.7,BJTUVTKD
TAG_SXE3VRBT,RFID Tag,9000.7,2025-04-14 15:13:11,Reader003,24.1,94.7,SXE3VRBT
TAG_HLJPBLUKN,RFID Tag,19999.4,2025-04-14 15:19:11,Reader003,24.1,94.7,HLJPBLUKN
TAG_BJKLA8TW,RFID Tag,16499.3,2025-04-14 15:24:51,Reader003,24.1,94.7,BJKLA8TW
TAG_BJJ2SPHS,RFID Tag,23000.9,2025-04-14 16:05:51,Reader003,24.1,94.7,BJJ2SPHS
TAG_BJTUVTKD,RFID Tag,31002.1,2025-04-14 16:06:51,Reader003,24.1,94.7,BJTUVTKD
TAG_SXE3VRBT,RFID Tag,15501.0,2025-04-14 16:09:11,Reader003,24.1,94.7,SXE3VRBT
TAG_LNRTYYYC,RFID Tag,10169.2,2025-04-14 16:10:51,Reader003,24.1,94.7,LNRTYYYC
TAG_BJKLA8TW,RFID Tag,23921.0,2025-04-14 16:11:51,Reader003,24.1,94.7,BJKLA8TW
TAG_HLJPBLUKN,RFID Tag,30013.4,2025-04-14 16:13:11,Reader003,24.1,94.7,HLJPBLUKN
TAG_SHMZMCQJ,RFID Tag,19999.8,2025-04-14 18:32:15,Reader003,24.1,94.7,SHMZMCQJ
TAG_SHMZMCQJ,RFID Tag,22514.8,2025-04-14 19:29:15,Reader003,24.1,94.7,SHMZMCQJ
TAG_SHMBJDQ0,RFID Tag,20000.5,2025-04-14 20:50:25,Reader003,24.1,94.7,SHMBJDQ0
TAG_SHMBJDQ0,RFID Tag,21568.6,2025-04-14 21:52:25,Reader003,24.1,94.7,SHMBJDQ0
TAG_GDLNY0HG,RFID Tag,16499.9,2025-04-15 05:30:17,Reader003,24.1,94.7,GDLNY0HG
TAG_SHMZMCQJ,RFID Tag,19999.1,2025-04-15 05:33:17,Reader003,24.1,94.7,SHMZMCQJ
TAG_GDR1FGS7,RFID Tag,16499.6,2025-04-15 05:39:31,Reader003,24.1,94.7,GDR1FGS7
TAG_NMXU0MAM,RFID Tag,16500.2,2025-04-15 05:45:31,Reader003,24.1,94.7,NMXU0MAM
TAG_LNHJUV91,RFID Tag,8999.2,2025-04-15 06:20:08,Reader003,24.1,94.7,LNHJUV91
TAG_GDLNY0HG,RFID Tag,27499.8,2025-04-15 06:26:17,Reader003,24.1,94.7,GDLNY0HG
TAG_SHMZMCQJ,RFID Tag,22057.4,2025-04-15 06:33:17,Reader003,24.1,94.7,SHMZMCQJ
TAG_NMXU0MAM,RFID Tag,19983.5,2025-04-15 06:34:31,Reader003,24.1,94.7,NMXU0MAM
TAG_LNRTYYYC,RFID Tag,9000.3,2025-04-15 06:35:21,Reader003,24.1,94.7,LNRTYYYC
TAG_BJB01GXD,RFID Tag,9000.3,2025-04-15 06:37:21,Reader003,24.1,94.7,BJB01GXD
TAG_GDR1FGS7,RFID Tag,27498.5,2025-04-15 06:37:31,Reader003,24.1,94.7,GDR1FGS7
TAG_LNHJUV91,RFID Tag,12542.4,2025-04-15 07:14:08,Reader003,24.1,94.7,LNHJUV91
TAG_LNN5L5GQ,RFID Tag,19996.9,2025-04-15 07:25:37,Reader003,24.1,94.7,LNN5L5GQ
TAG_LNRTYYYC,RFID Tag,9522.3,2025-04-15 07:35:21,Reader003,24.1,94.7,LNRTYYYC
TAG_BJB01GXD,RFID Tag,15499.7,2025-04-15 07:37:21,Reader003,24.1,94.7,BJB01GXD
TAG_LNN5L5GQ,RFID Tag,24446.1,2025-04-15 08:15:37,Reader003,24.1,94.7,LNN5L5GQ
TAG_GDM5S4WU,RFID Tag,19999.9,2025-04-15 18:09:32,Reader003,24.1,94.7,GDM5S4WU
TAG_GDM5S4WU,RFID Tag,21680.4,2025-04-15 19:01:32,Reader003,24.1,94.7,GDM5S4WU
TAG_NMZWVSK4,RFID Tag,9000.7,2025-04-16 00:49:32,Reader003,24.1,94.7,NMZWVSK4
TAG_NMZWVSK4,RFID Tag,11218.7,2025-04-16 01:45:32,Reader003,24.1,94.7,NMZWVSK4
TAG_SXJ1P9S4,RFID Tag,16499.2,2025-04-16 05:30:43,Reader003,24.1,94.7,SXJ1P9S4
TAG_SXJ1P9S4,RFID Tag,18143.6,2025-04-16 06:26:43,Reader003,24.1,94.7,SXJ1P9S4
TAG_HBT7RG5L,RFID Tag,16500.4,2025-04-16 06:48:52,Reader003,24.1,94.7,HBT7RG5L
TAG_GDP6A30X,RFID Tag,8999.6,2025-04-16 07:30:32,Reader003,24.1,94.7,GDP6A30X
TAG_LNHJUV91,RFID Tag,8998.8,2025-04-16 07:31:32,Reader003,24.1,94.7,LNHJUV91
TAG_JLBRQ0KV,RFID Tag,8998.6,2025-04-16 07:32:32,Reader003,24.1,94.7,JLBRQ0KV
TAG_HBT7RG5L,RFID Tag,20987.0,2025-04-16 07:49:52,Reader003,24.1,94.7,HBT7RG5L
TAG_JLBRQ0KV,RFID Tag,15497.6,2025-04-16 08:25:32,Reader003,24.1,94.7,JLBRQ0KV
TAG_GDP6A30X,RFID Tag,15499.4,2025-04-16 08:26:32,Reader003,24.1,94.7,GDP6A30X
TAG_LNHJUV91,RFID Tag,10531.8,2025-04-16 08:29:32,Reader003,24.1,94.7,LNHJUV91
TAG_GDR673UT,RFID Tag,16501.3,2025-04-16 15:31:58,Reader003,24.1,94.7,GDR673UT
TAG_BJB01GXD,RFID Tag,8998.5,2025-04-16 15:34:58,Reader003,24.1,94.7,BJB01GXD
TAG_SXC07P09,RFID Tag,16499.7,2025-04-16 15:46:28,Reader003,24.1,94.7,SXC07P09
TAG_GDR673UT,RFID Tag,18922.4,2025-04-16 16:26:58,Reader003,24.1,94.7,GDR673UT
TAG_NMXU0MAM,RFID Tag,16498.8,2025-04-16 16:28:59,Reader003,24.1,94.7,NMXU0MAM
TAG_BJB01GXD,RFID Tag,15499.6,2025-04-16 16:30:58,Reader003,24.1,94.7,BJB01GXD
TAG_TJNVTEHQ,RFID Tag,16501.0,2025-04-16 16:30:59,Reader003,24.1,94.7,TJNVTEHQ
TAG_JLZ1Z1VX,RFID Tag,16501.3,2025-04-16 16:32:59,Reader003,24.1,94.7,JLZ1Z1VX
TAG_SXC07P09,RFID Tag,24608.1,2025-04-16 16:37:28,Reader003,24.1,94.7,SXC07P09
TAG_JLZ1Z1VX,RFID Tag,23000.2,2025-04-16 17:29:59,Reader003,24.1,94.7,JLZ1Z1VX
TAG_TJNVTEHQ,RFID Tag,27500.5,2025-04-16 17:38:59,Reader003,24.1,94.7,TJNVTEHQ
TAG_NMXU0MAM,RFID Tag,16537.5,2025-04-16 17:39:59,Reader003,24.1,94.7,NMXU0MAM
TAG_SHS2NN25,RFID Tag,8997.9,2025-04-16 18:06:39,Reader003,24.1,94.7,SHS2NN25
TAG_NMMHV8L5,RFID Tag,20002.2,2025-04-16 18:08:39,Reader003,24.1,94.7,NMMHV8L5
TAG_SHM1VH84,RFID Tag,19999.7,2025-04-16 18:08:39,Reader003,24.1,94.7,SHM1VH84
TAG_TJJ01JF5,RFID Tag,20001.1,2025-04-16 18:56:10,Reader003,24.1,94.7,TJJ01JF5
TAG_SHS2NN25,RFID Tag,15496.9,2025-04-16 19:05:39,Reader003,24.1,94.7,SHS2NN25
TAG_SHM1VH84,RFID Tag,21933.1,2025-04-16 19:10:39,Reader003,24.1,94.7,SHM1VH84
TAG_NMMHV8L5,RFID Tag,31002.4,2025-04-16 19:10:39,Reader003,24.1,94.7,NMMHV8L5
TAG_TJJ01JF5,RFID Tag,26612.4,2025-04-16 19:51:10,Reader003,24.1,94.7,TJJ01JF5
TAG_SHMBJDQ0,RFID Tag,19999.2,2025-04-16 20:48:59,Reader003,24.1,94.7,SHMBJDQ0
TAG_SXNAF7LA,RFID Tag,16499.9,2025-04-16 21:44:35,Reader003,24.1,94.7,SXNAF7LA
TAG_SHMBJDQ0,RFID Tag,21086.9,2025-04-16 21:44:59,Reader003,24.1,94.7,SHMBJDQ0
TAG_GDLNY0HG,RFID Tag,16501.6,2025-04-16 22:04:28,Reader003,24.1,94.7,GDLNY0HG
TAG_SXNAF7LA,RFID Tag,22516.4,2025-04-16 22:39:35,Reader003,24.1,94.7,SXNAF7LA
TAG_GDLNY0HG,RFID Tag,22287.5,2025-04-16 22:55:28,Reader003,24.1,94.7,GDLNY0HG
TAG_SXJ1P9S4,RFID Tag,16501.2,2025-04-17 04:40:01,Reader003,24.1,94.7,SXJ1P9S4
TAG_TJMG01HS,RFID Tag,19999.8,2025-04-17 05:13:29,Reader003,24.1,94.7,TJMG01HS
TAG_SXJ1P9S4,RFID Tag,17918.7,2025-04-17 05:36:01,Reader003,24.1,94.7,SXJ1P9S4
TAG_TJMG01HS,RFID Tag,22940.2,2025-04-17 06:09:29,Reader003,24.1,94.7,TJMG01HS
TAG_HLJJARH80,RFID Tag,16499.8,2025-04-17 15:28:33,Reader003,24.1,94.7,HLJJARH80
TAG_HLJJARH80,RFID Tag,17792.9,2025-04-17 16:32:33,Reader003,24.1,94.7,HLJJARH80
TAG_NMMHV8L5,RFID Tag,19998.2,2025-04-18 00:09:26,Reader003,24.1,94.7,NMMHV8L5
TAG_BJN388C5,RFID Tag,16499.1,2025-04-18 00:11:26,Reader003,24.1,94.7,BJN388C5
TAG_NMMHV8L5,RFID Tag,30997.2,2025-04-18 01:09:26,Reader003,24.1,94.7,NMMHV8L5
TAG_BJN388C5,RFID Tag,18988.9,2025-04-18 01:09:26,Reader003,24.1,94.7,BJN388C5
TAG_SHY7DVRK,RFID Tag,16499.8,2025-04-18 02:55:35,Reader003,24.1,94.7,SHY7DVRK
TAG_SHY7DVRK,RFID Tag,21626.5,2025-04-18 03:57:35,Reader003,24.1,94.7,SHY7DVRK
TAG_JLTR36K0,RFID Tag,20000.6,2025-04-18 04:57:00,Reader003,24.1,94.7,JLTR36K0
TAG_LNEFHHTL,RFID Tag,16499.5,2025-04-18 05:41:38,Reader003,24.1,94.7,LNEFHHTL
TAG_GDRR9JDJ,RFID Tag,16500.7,2025-04-18 05:48:38,Reader003,24.1,94.7,GDRR9JDJ
TAG_JLTR36K0,RFID Tag,23631.8,2025-04-18 05:54:00,Reader003,24.1,94.7,JLTR36K0
TAG_LNEFHHTL,RFID Tag,27500.9,2025-04-18 06:40:38,Reader003,24.1,94.7,LNEFHHTL
TAG_HLJPBLUKN,RFID Tag,19999.6,2025-04-18 06:47:47,Reader003,24.1,94.7,HLJPBLUKN
TAG_GDRR9JDJ,RFID Tag,16604.5,2025-04-18 06:48:38,Reader003,24.1,94.7,GDRR9JDJ
TAG_SHY7DVRK,RFID Tag,16501.1,2025-04-18 06:49:47,Reader003,24.1,94.7,SHY7DVRK
TAG_BJKLA8TW,RFID Tag,16497.9,2025-04-18 06:52:47,Reader003,24.1,94.7,BJKLA8TW
TAG_SHY7DVRK,RFID Tag,23001.2,2025-04-18 07:43:47,Reader003,24.1,94.7,SHY7DVRK
TAG_HLJPBLUKN,RFID Tag,21119.3,2025-04-18 07:55:47,Reader003,24.1,94.7,HLJPBLUKN
TAG_BJKLA8TW,RFID Tag,27499.2,2025-04-18 07:56:47,Reader003,24.1,94.7,BJKLA8TW
TAG_NMMHV8L5,RFID Tag,19999.4,2025-04-18 08:00:58,Reader003,24.1,94.7,NMMHV8L5
TAG_LNRTYYYC,RFID Tag,8998.9,2025-04-18 08:09:58,Reader003,24.1,94.7,LNRTYYYC
TAG_LNG09L92,RFID Tag,8998.8,2025-04-18 08:51:22,Reader003,24.1,94.7,LNG09L92
TAG_NMMHV8L5,RFID Tag,31000.3,2025-04-18 08:52:58,Reader003,24.1,94.7,NMMHV8L5
TAG_GDP6A30X,RFID Tag,8999.3,2025-04-18 08:54:22,Reader003,24.1,94.7,GDP6A30X
TAG_SXWPT04B,RFID Tag,9000.4,2025-04-18 08:54:22,Reader003,24.1,94.7,SXWPT04B
TAG_LNRTYYYC,RFID Tag,14368.3,2025-04-18 08:59:58,Reader003,24.1,94.7,LNRTYYYC
TAG_GDP6A30X,RFID Tag,15498.4,2025-04-18 09:40:22,Reader003,24.1,94.7,GDP6A30X
TAG_LNG09L92,RFID Tag,15499.5,2025-04-18 09:44:22,Reader003,24.1,94.7,LNG09L92
TAG_SXWPT04B,RFID Tag,11137.5,2025-04-18 09:51:22,Reader003,24.1,94.7,SXWPT04B
TAG_TJTY94H3,RFID Tag,19998.5,2025-04-18 13:59:45,Reader003,24.1,94.7,TJTY94H3
TAG_JLPKJ4PL,RFID Tag,16500.6,2025-04-18 14:39:41,Reader003,24.1,94.7,JLPKJ4PL
TAG_JLBRQ0KV,RFID Tag,9001.0,2025-04-18 14:40:41,Reader003,24.1,94.7,JLBRQ0KV
TAG_SXWPT04B,RFID Tag,9000.4,2025-04-18 14:46:41,Reader003,24.1,94.7,SXWPT04B
TAG_LNG09L92,RFID Tag,8998.8,2025-04-18 14:49:41,Reader003,24.1,94.7,LNG09L92
TAG_TJTY94H3,RFID Tag,28488.8,2025-04-18 14:59:45,Reader003,24.1,94.7,TJTY94H3
TAG_JLPKJ4PL,RFID Tag,23000.0,2025-04-18 15:36:41,Reader003,24.1,94.7,JLPKJ4PL
TAG_LNG09L92,RFID Tag,15497.3,2025-04-18 15:37:41,Reader003,24.1,94.7,LNG09L92
TAG_JLBRQ0KV,RFID Tag,9239.3,2025-04-18 15:40:41,Reader003,24.1,94.7,JLBRQ0KV
TAG_SXWPT04B,RFID Tag,15500.0,2025-04-18 15:41:41,Reader003,24.1,94.7,SXWPT04B
TAG_SHY7DVRK,RFID Tag,16499.6,2025-04-18 15:58:23,Reader003,24.1,94.7,SHY7DVRK
TAG_SHY7DVRK,RFID Tag,22684.5,2025-04-18 16:59:23,Reader003,24.1,94.7,SHY7DVRK
TAG_NMWU5ZLM,RFID Tag,8998.4,2025-04-18 19:51:58,Reader003,24.1,94.7,NMWU5ZLM
TAG_BJTUVTKD,RFID Tag,20001.0,2025-04-18 20:08:58,Reader003,24.1,94.7,BJTUVTKD
TAG_HLJZ5XC9M,RFID Tag,20000.6,2025-04-18 20:57:43,Reader003,24.1,94.7,HLJZ5XC9M
TAG_NMWU5ZLM,RFID Tag,10566.6,2025-04-18 21:04:58,Reader003,24.1,94.7,NMWU5ZLM
TAG_BJTUVTKD,RFID Tag,31001.1,2025-04-18 21:05:58,Reader003,24.1,94.7,BJTUVTKD
TAG_HLJZ5XC9M,RFID Tag,24249.8,2025-04-18 21:49:43,Reader003,24.1,94.7,HLJZ5XC9M
TAG_SHMBJDQ0,RFID Tag,20001.1,2025-04-18 22:50:45,Reader003,24.1,94.7,SHMBJDQ0
TAG_GDR673UT,RFID Tag,16501.1,2025-04-18 23:32:48,Reader003,24.1,94.7,GDR673UT
TAG_SHMBJDQ0,RFID Tag,22545.4,2025-04-18 23:44:45,Reader003,24.1,94.7,SHMBJDQ0
TAG_GDR673UT,RFID Tag,26703.0,2025-04-19 00:31:48,Reader003,24.1,94.7,GDR673UT
TAG_JLD9BKKQ,RFID Tag,20000.5,2025-04-19 01:49:13,Reader003,24.1,94.7,JLD9BKKQ
TAG_BJSH0JZB,RFID Tag,9001.9,2025-04-19 02:02:13,Reader003,24.1,94.7,BJSH0JZB
TAG_BJSH0JZB,RFID Tag,15501.8,2025-04-19 02:53:13,Reader003,24.1,94.7,BJSH0JZB
TAG_JLD9BKKQ,RFID Tag,30323.5,2025-04-19 03:00:13,Reader003,24.1,94.7,JLD9BKKQ
TAG_JLFX1KPV,RFID Tag,19999.3,2025-04-19 08:50:27,Reader003,24.1,94.7,JLFX1KPV
TAG_BJRUSBYK,RFID Tag,8999.6,2025-04-19 08:52:27,Reader003,24.1,94.7,BJRUSBYK
TAG_JLFX1KPV,RFID Tag,30998.5,2025-04-19 09:46:27,Reader003,24.1,94.7,JLFX1KPV
TAG_BJRUSBYK,RFID Tag,14434.8,2025-04-19 09:51:27,Reader003,24.1,94.7,BJRUSBYK
TAG_SXCUK1M6,RFID Tag,16501.3,2025-04-19 11:26:31,Reader003,24.1,94.7,SXCUK1M6
TAG_SXKE04W0,RFID Tag,20000.4,2025-04-19 11:52:04,Reader003,24.1,94.7,SXKE04W0
TAG_SHMZMCQJ,RFID Tag,19999.1,2025-04-19 11:54:04,Reader003,24.1,94.7,SHMZMCQJ
TAG_SXC07P09,RFID Tag,16499.3,2025-04-19 12:15:12,Reader003,24.1,94.7,SXC07P09
TAG_SXCUK1M6,RFID Tag,25647.8,2025-04-19 12:21:31,Reader003,24.1,94.7,SXCUK1M6
TAG_BJSH0JZB,RFID Tag,9001.3,2025-04-19 12:22:12,Reader003,24.1,94.7,BJSH0JZB
TAG_SHMZMCQJ,RFID Tag,25479.8,2025-04-19 12:44:04,Reader003,24.1,94.7,SHMZMCQJ
TAG_SXKE04W0,RFID Tag,31000.2,2025-04-19 12:46:04,Reader003,24.1,94.7,SXKE04W0
TAG_BJSH0JZB,RFID Tag,15499.5,2025-04-19 13:13:12,Reader003,24.1,94.7,BJSH0JZB
TAG_SXC07P09,RFID Tag,27032.6,2025-04-19 13:17:12,Reader003,24.1,94.7,SXC07P09
TAG_HLJFU421U,RFID Tag,16501.1,2025-04-19 17:19:54,Reader003,24.1,94.7,HLJFU421U
TAG_GDD3BXLG,RFID Tag,16502.1,2025-04-19 17:19:54,Reader003,24.1,94.7,GDD3BXLG
TAG_HLJFU421U,RFID Tag,25279.8,2025-04-19 18:17:54,Reader003,24.1,94.7,HLJFU421U
TAG_GDD3BXLG,RFID Tag,23002.2,2025-04-19 18:21:54,Reader003,24.1,94.7,GDD3BXLG
TAG_NMUPZB15,RFID Tag,19998.2,2025-04-19 19:17:22,Reader003,24.1,94.7,NMUPZB15
TAG_NMUPZB15,RFID Tag,23566.8,2025-04-19 20:18:22,Reader003,24.1,94.7,NMUPZB15
TAG_BJZ9CLW1,RFID Tag,16500.3,2025-04-19 22:19:45,Reader003,24.1,94.7,BJZ9CLW1
TAG_BJZ9CLW1,RFID Tag,21731.2,2025-04-19 23:10:45,Reader003,24.1,94.7,BJZ9CLW1
TAG_NMZWVSK4,RFID Tag,9000.5,2025-04-20 00:26:48,Reader003,24.1,94.7,NMZWVSK4
TAG_TJDADN1C,RFID Tag,16498.9,2025-04-20 00:28:48,Reader003,24.1,94.7,TJDADN1C
TAG_NMZWVSK4,RFID Tag,15500.2,2025-04-20 01:15:48,Reader003,24.1,94.7,NMZWVSK4
TAG_TJDADN1C,RFID Tag,21718.2,2025-04-20 01:22:48,Reader003,24.1,94.7,TJDADN1C
TAG_TJMXME7X,RFID Tag,19997.8,2025-04-20 06:24:43,Reader003,24.1,94.7,TJMXME7X
TAG_TJMXME7X,RFID Tag,25998.7,2025-04-20 07:14:43,Reader003,24.1,94.7,TJMXME7X
TAG_JLTR36K0,RFID Tag,20000.1,2025-04-20 07:40:43,Reader003,24.1,94.7,JLTR36K0
TAG_JLTR36K0,RFID Tag,29644.5,2025-04-20 08:33:43,Reader003,24.1,94.7,JLTR36K0
TAG_BJSH0JZB,RFID Tag,8999.9,2025-04-20 10:36:43,Reader003,24.1,94.7,BJSH0JZB
TAG_NMFK1N6E,RFID Tag,16499.4,2025-04-20 10:38:43,Reader003,24.1,94.7,NMFK1N6E
TAG_BJSH0JZB,RFID Tag,15498.3,2025-04-20 11:31:43,Reader003,24.1,94.7,BJSH0JZB
TAG_NMFK1N6E,RFID Tag,16974.8,2025-04-20 11:34:43,Reader003,24.1,94.7,NMFK1N6E
TAG_SXC07P09,RFID Tag,16500.5,2025-04-20 14:04:21,Reader003,24.1,94.7,SXC07P09
TAG_SXC07P09,RFID Tag,22640.9,2025-04-20 15:04:21,Reader003,24.1,94.7,SXC07P09
TAG_GDLNY0HG,RFID Tag,16501.7,2025-04-20 16:45:57,Reader003,24.1,94.7,GDLNY0HG
TAG_GDLNY0HG,RFID Tag,20042.0,2025-04-20 17:43:57,Reader003,24.1,94.7,GDLNY0HG
TAG_LNEFHHTL,RFID Tag,16499.4,2025-04-20 21:57:47,Reader003,24.1,94.7,LNEFHHTL
TAG_HLJZ5XC9M,RFID Tag,19999.2,2025-04-20 22:04:47,Reader003,24.1,94.7,HLJZ5XC9M
TAG_LNEFHHTL,RFID Tag,27499.3,2025-04-20 22:49:47,Reader003,24.1,94.7,LNEFHHTL
TAG_HLJZ5XC9M,RFID Tag,23720.2,2025-04-20 22:54:47,Reader003,24.1,94.7,HLJZ5XC9M
TAG_SXWPT04B,RFID Tag,9000.1,2025-04-20 23:57:09,Reader003,24.1,94.7,SXWPT04B
TAG_LNG09L92,RFID Tag,8998.5,2025-04-21 00:03:09,Reader003,24.1,94.7,LNG09L92
TAG_SXWPT04B,RFID Tag,15498.4,2025-04-21 00:49:09,Reader003,24.1,94.7,SXWPT04B
TAG_LNG09L92,RFID Tag,11599.1,2025-04-21 00:50:09,Reader003,24.1,94.7,LNG09L92
TAG_HLJV0D91W,RFID Tag,16499.6,2025-04-21 01:34:55,Reader003,24.1,94.7,HLJV0D91W
TAG_JLYHWPLT,RFID Tag,16501.1,2025-04-21 01:48:55,Reader003,24.1,94.7,JLYHWPLT
TAG_HLJV0D91W,RFID Tag,27498.6,2025-04-21 02:35:55,Reader003,24.1,94.7,HLJV0D91W
TAG_GDP6A30X,RFID Tag,8999.1,2025-04-21 02:35:59,Reader003,24.1,94.7,GDP6A30X
TAG_JLYHWPLT,RFID Tag,22812.4,2025-04-21 02:39:55,Reader003,24.1,94.7,JLYHWPLT
TAG_JLPKJ4PL,RFID Tag,16500.1,2025-04-21 02:39:59,Reader003,24.1,94.7,JLPKJ4PL
TAG_LNHJUV91,RFID Tag,8999.4,2025-04-21 02:42:59,Reader003,24.1,94.7,LNHJUV91
TAG_GDP6A30X,RFID Tag,15498.4,2025-04-21 03:25:59,Reader003,24.1,94.7,GDP6A30X
TAG_JLPKJ4PL,RFID Tag,23000.0,2025-04-21 03:28:59,Reader003,24.1,94.7,JLPKJ4PL
TAG_LNHJUV91,RFID Tag,15364.7,2025-04-21 03:32:59,Reader003,24.1,94.7,LNHJUV91
TAG_GDD3BXLG,RFID Tag,16500.0,2025-04-21 07:34:27,Reader003,24.1,94.7,GDD3BXLG
TAG_GDD3BXLG,RFID Tag,22807.4,2025-04-21 08:30:27,Reader003,24.1,94.7,GDD3BXLG
TAG_TJNVTEHQ,RFID Tag,16500.1,2025-04-21 13:42:41,Reader003,24.1,94.7,TJNVTEHQ
TAG_SXTB410X,RFID Tag,16499.4,2025-04-21 13:47:41,Reader003,24.1,94.7,SXTB410X
TAG_TJNVTEHQ,RFID Tag,18490.0,2025-04-21 14:40:41,Reader003,24.1,94.7,TJNVTEHQ
TAG_SXTB410X,RFID Tag,23000.2,2025-04-21 14:40:41,Reader003,24.1,94.7,SXTB410X
TAG_NMEFP8ME,RFID Tag,16500.5,2025-04-21 17:03:27,Reader003,24.1,94.7,NMEFP8ME
TAG_LNHJUV91,RFID Tag,9000.2,2025-04-21 17:21:15,Reader003,24.1,94.7,LNHJUV91
TAG_SXWPT04B,RFID Tag,9000.5,2025-04-21 17:23:15,Reader003,24.1,94.7,SXWPT04B
TAG_JLPKJ4PL,RFID Tag,16500.6,2025-04-21 17:28:15,Reader003,24.1,94.7,JLPKJ4PL
TAG_NMEFP8ME,RFID Tag,19795.5,2025-04-21 17:55:27,Reader003,24.1,94.7,NMEFP8ME
TAG_JLPKJ4PL,RFID Tag,23000.1,2025-04-21 18:21:15,Reader003,24.1,94.7,JLPKJ4PL
TAG_LNHJUV91,RFID Tag,15501.9,2025-04-21 18:28:15,Reader003,24.1,94.7,LNHJUV91
TAG_SXWPT04B,RFID Tag,12216.4,2025-04-21 18:34:15,Reader003,24.1,94.7,SXWPT04B
TAG_TJTY94H3,RFID Tag,19998.6,2025-04-21 18:48:53,Reader003,24.1,94.7,TJTY94H3
TAG_LNS4BCQ6,RFID Tag,16500.0,2025-04-21 18:59:53,Reader003,24.1,94.7,LNS4BCQ6
TAG_TJTY94H3,RFID Tag,28075.0,2025-04-21 19:50:53,Reader003,24.1,94.7,TJTY94H3
TAG_LNS4BCQ6,RFID Tag,27500.9,2025-04-21 19:56:53,Reader003,24.1,94.7,LNS4BCQ6
TAG_GDLNY0HG,RFID Tag,16500.6,2025-04-21 20:31:14,Reader003,24.1,94.7,GDLNY0HG
TAG_LNS4BCQ6,RFID Tag,16500.5,2025-04-21 20:36:14,Reader003,24.1,94.7,LNS4BCQ6
TAG_HLJPBLUKN,RFID Tag,19999.8,2025-04-21 21:09:50,Reader003,24.1,94.7,HLJPBLUKN
TAG_GDLNY0HG,RFID Tag,27501.2,2025-04-21 21:25:14,Reader003,24.1,94.7,GDLNY0HG
TAG_LNS4BCQ6,RFID Tag,22265.8,2025-04-21 21:26:14,Reader003,24.1,94.7,LNS4BCQ6
TAG_HLJPBLUKN,RFID Tag,28116.2,2025-04-21 22:08:50,Reader003,24.1,94.7,HLJPBLUKN
TAG_SXJ1P9S4,RFID Tag,16500.1,2025-04-22 05:17:27,Reader003,24.1,94.7,SXJ1P9S4
TAG_BJTUVTKD,RFID Tag,20000.1,2025-04-22 05:17:27,Reader003,24.1,94.7,BJTUVTKD
TAG_BJTUVTKD,RFID Tag,30999.3,2025-04-22 06:11:27,Reader003,24.1,94.7,BJTUVTKD
TAG_SXJ1P9S4,RFID Tag,22133.9,2025-04-22 06:14:27,Reader003,24.1,94.7,SXJ1P9S4
TAG_GDD3BXLG,RFID Tag,16499.7,2025-04-22 06:17:39,Reader003,24.1,94.7,GDD3BXLG
TAG_SHBSQVP1,RFID Tag,16500.6,2025-04-22 06:18:39,Reader003,24.1,94.7,SHBSQVP1
TAG_GDD3BXLG,RFID Tag,17214.1,2025-04-22 07:11:39,Reader003,24.1,94.7,GDD3BXLG
TAG_SHBSQVP1,RFID Tag,23001.2,2025-04-22 07:17:39,Reader003,24.1,94.7,SHBSQVP1
TAG_NMFK1N6E,RFID Tag,16501.1,2025-04-22 08:12:38,Reader003,24.1,94.7,NMFK1N6E
TAG_NMFK1N6E,RFID Tag,20700.7,2025-04-22 09:08:38,Reader003,24.1,94.7,NMFK1N6E
TAG_GDUUMM8D,RFID Tag,16499.9,2025-04-22 17:55:36,Reader003,24.1,94.7,GDUUMM8D
TAG_JLS90WMQ,RFID Tag,9000.5,2025-04-22 17:57:36,Reader003,24.1,94.7,JLS90WMQ
TAG_GDUUMM8D,RFID Tag,19955.1,2025-04-22 18:47:36,Reader003,24.1,94.7,GDUUMM8D
TAG_JLS90WMQ,RFID Tag,15501.5,2025-04-22 18:47:36,Reader003,24.1,94.7,JLS90WMQ
TAG_LNS4BCQ6,RFID Tag,16498.7,2025-04-22 19:07:11,Reader003,24.1,94.7,LNS4BCQ6
TAG_GDLNY0HG,RFID Tag,16498.9,2025-04-22 19:14:11,Reader003,24.1,94.7,GDLNY0HG
TAG_LNS4BCQ6,RFID Tag,27497.9,2025-04-22 19:57:11,Reader003,24.1,94.7,LNS4BCQ6
TAG_GDLNY0HG,RFID Tag,22403.2,2025-04-22 20:01:11,Reader003,24.1,94.7,GDLNY0HG
TAG_TJNVTEHQ,RFID Tag,16498.8,2025-04-22 22:19:46,Reader003,24.1,94.7,TJNVTEHQ
TAG_HBT7RG5L,RFID Tag,16499.8,2025-04-22 22:23:46,Reader003,24.1,94.7,HBT7RG5L
TAG_TJNVTEHQ,RFID Tag,27499.2,2025-04-22 23:12:46,Reader003,24.1,94.7,TJNVTEHQ
TAG_HBT7RG5L,RFID Tag,20525.5,2025-04-22 23:21:46,Reader003,24.1,94.7,HBT7RG5L
TAG_LNEFHHTL,RFID Tag,16499.5,2025-04-23 00:28:03,Reader003,24.1,94.7,LNEFHHTL
TAG_TJJ01JF5,RFID Tag,20001.7,2025-04-23 00:28:03,Reader003,24.1,94.7,TJJ01JF5
TAG_LNEFHHTL,RFID Tag,27499.7,2025-04-23 01:17:03,Reader003,24.1,94.7,LNEFHHTL
TAG_TJJ01JF5,RFID Tag,28408.1,2025-04-23 01:29:03,Reader003,24.1,94.7,TJJ01JF5
TAG_JLFX1KPV,RFID Tag,20001.5,2025-04-23 06:25:36,Reader003,24.1,94.7,JLFX1KPV
TAG_LNUXW5SW,RFID Tag,20001.7,2025-04-23 06:28:36,Reader003,24.1,94.7,LNUXW5SW
TAG_JLFX1KPV,RFID Tag,31001.0,2025-04-23 07:14:36,Reader003,24.1,94.7,JLFX1KPV
TAG_LNUXW5SW,RFID Tag,25133.3,2025-04-23 07:16:36,Reader003,24.1,94.7,LNUXW5SW
TAG_LNEFHHTL,RFID Tag,16500.0,2025-04-23 08:05:28,Reader003,24.1,94.7,LNEFHHTL
TAG_LNEFHHTL,RFID Tag,27097.3,2025-04-23 08:59:28,Reader003,24.1,94.7,LNEFHHTL
TAG_TJZ32J80,RFID Tag,20000.5,2025-04-23 10:37:32,Reader003,24.1,94.7,TJZ32J80
TAG_SXGRDBKM,RFID Tag,9000.7,2025-04-23 10:41:32,Reader003,24.1,94.7,SXGRDBKM
TAG_SXGRDBKM,RFID Tag,15501.3,2025-04-23 11:37:32,Reader003,24.1,94.7,SXGRDBKM
TAG_TJZ32J80,RFID Tag,23619.3,2025-04-23 11:39:32,Reader003,24.1,94.7,TJZ32J80
TAG_JLTR36K0,RFID Tag,19999.1,2025-04-23 11:43:42,Reader003,24.1,94.7,JLTR36K0
TAG_GDLNY0HG,RFID Tag,16499.7,2025-04-23 11:50:42,Reader003,24.1,94.7,GDLNY0HG
TAG_JLTR36K0,RFID Tag,20732.5,2025-04-23 12:49:42,Reader003,24.1,94.7,JLTR36K0
TAG_GDLNY0HG,RFID Tag,27498.6,2025-04-23 12:50:42,Reader003,24.1,94.7,GDLNY0HG
TAG_NMFK1N6E,RFID Tag,16499.0,2025-04-23 13:53:32,Reader003,24.1,94.7,NMFK1N6E
TAG_SXECYXDH,RFID Tag,8999.5,2025-04-23 13:57:32,Reader003,24.1,94.7,SXECYXDH
TAG_NMFK1N6E,RFID Tag,22999.2,2025-04-23 14:46:32,Reader003,24.1,94.7,NMFK1N6E
TAG_SXECYXDH,RFID Tag,14239.7,2025-04-23 14:55:32,Reader003,24.1,94.7,SXECYXDH
TAG_SHBSQVP1,RFID Tag,16500.6,2025-04-24 01:20:24,Reader003,24.1,94.7,SHBSQVP1
TAG_SHBSQVP1,RFID Tag,21351.3,2025-04-24 02:19:24,Reader003,24.1,94.7,SHBSQVP1
TAG_NMKDY1ST,RFID Tag,16497.6,2025-04-24 04:07:31,Reader003,24.1,94.7,NMKDY1ST
TAG_JLFX1KPV,RFID Tag,19999.5,2025-04-24 04:10:31,Reader003,24.1,94.7,JLFX1KPV
TAG_JLFX1KPV,RFID Tag,30999.7,2025-04-24 05:11:31,Reader003,24.1,94.7,JLFX1KPV
TAG_NMKDY1ST,RFID Tag,22033.0,2025-04-24 05:13:31,Reader003,24.1,94.7,NMKDY1ST
TAG_HLJJARH80,RFID Tag,16501.1,2025-04-24 09:53:12,Reader003,24.1,94.7,HLJJARH80
TAG_NMWU5ZLM,RFID Tag,8999.3,2025-04-24 09:55:12,Reader003,24.1,94.7,NMWU5ZLM
TAG_HLJV0D91W,RFID Tag,16498.4,2025-04-24 10:31:58,Reader003,24.1,94.7,HLJV0D91W
TAG_JLYHWPLT,RFID Tag,16502.1,2025-04-24 10:33:58,Reader003,24.1,94.7,JLYHWPLT
TAG_NMWU5ZLM,RFID Tag,15500.4,2025-04-24 10:43:12,Reader003,24.1,94.7,NMWU5ZLM
TAG_HLJJARH80,RFID Tag,18784.6,2025-04-24 10:54:12,Reader003,24.1,94.7,HLJJARH80
TAG_JLYHWPLT,RFID Tag,24734.4,2025-04-24 11:25:58,Reader003,24.1,94.7,JLYHWPLT
TAG_HLJV0D91W,RFID Tag,27498.8,2025-04-24 11:28:58,Reader003,24.1,94.7,HLJV0D91W
TAG_HBT7RG5L,RFID Tag,16500.6,2025-04-24 12:06:03,Reader003,24.1,94.7,HBT7RG5L
TAG_GDUREAH1,RFID Tag,20002.1,2025-04-24 12:09:03,Reader003,24.1,94.7,GDUREAH1
TAG_TJZ32J80,RFID Tag,19999.4,2025-04-24 12:15:55,Reader003,24.1,94.7,TJZ32J80
TAG_TJZ32J80,RFID Tag,22729.3,2025-04-24 13:04:55,Reader003,24.1,94.7,TJZ32J80
TAG_HBT7RG5L,RFID Tag,27501.2,2025-04-24 13:08:03,Reader003,24.1,94.7,HBT7RG5L
TAG_GDUREAH1,RFID Tag,23013.7,2025-04-24 13:09:03,Reader003,24.1,94.7,GDUREAH1
TAG_GDA0U87X,RFID Tag,16498.8,2025-04-24 14:00:26,Reader003,24.1,94.7,GDA0U87X
TAG_HLJV0D91W,RFID Tag,16501.3,2025-04-24 14:03:26,Reader003,24.1,94.7,HLJV0D91W
TAG_HLJV0D91W,RFID Tag,27500.9,2025-04-24 14:51:26,Reader003,24.1,94.7,HLJV0D91W
TAG_GDA0U87X,RFID Tag,16831.8,2025-04-24 15:01:26,Reader003,24.1,94.7,GDA0U87X
TAG_GDR673UT,RFID Tag,16500.3,2025-04-24 16:22:43,Reader003,24.1,94.7,GDR673UT
TAG_GDR673UT,RFID Tag,22500.5,2025-04-24 17:15:43,Reader003,24.1,94.7,GDR673UT
TAG_LNHJUV91,RFID Tag,8999.8,2025-04-24 20:17:28,Reader003,24.1,94.7,LNHJUV91
TAG_GDP6A30X,RFID Tag,8999.8,2025-04-24 20:21:28,Reader003,24.1,94.7,GDP6A30X
TAG_SXWPT04B,RFID Tag,9000.4,2025-04-24 20:26:28,Reader003,24.1,94.7,SXWPT04B
TAG_GDP6A30X,RFID Tag,15500.6,2025-04-24 21:10:28,Reader003,24.1,94.7,GDP6A30X
TAG_LNHJUV91,RFID Tag,15499.4,2025-04-24 21:14:28,Reader003,24.1,94.7,LNHJUV91
TAG_SXWPT04B,RFID Tag,9033.1,2025-04-24 21:20:28,Reader003,24.1,94.7,SXWPT04B
TAG_GDP6A30X,RFID Tag,9001.7,2025-04-25 01:10:33,Reader003,24.1,94.7,GDP6A30X
TAG_SXWPT04B,RFID Tag,9002.2,2025-04-25 01:13:33,Reader003,24.1,94.7,SXWPT04B
TAG_BJFQTAR6,RFID Tag,16501.5,2025-04-25 01:54:43,Reader003,24.1,94.7,BJFQTAR6
TAG_GDP6A30X,RFID Tag,15501.8,2025-04-25 02:00:33,Reader003,24.1,94.7,GDP6A30X
TAG_GDRR9JDJ,RFID Tag,16499.7,2025-04-25 02:00:43,Reader003,24.1,94.7,GDRR9JDJ
TAG_LNEFHHTL,RFID Tag,16500.6,2025-04-25 02:00:43,Reader003,24.1,94.7,LNEFHHTL
TAG_SXWPT04B,RFID Tag,13810.3,2025-04-25 02:02:33,Reader003,24.1,94.7,SXWPT04B
TAG_GDM5S4WU,RFID Tag,20000.0,2025-04-25 02:15:45,Reader003,24.1,94.7,GDM5S4WU
TAG_GDD3BXLG,RFID Tag,16500.8,2025-04-25 02:15:45,Reader003,24.1,94.7,GDD3BXLG
TAG_GDR1FGS7,RFID Tag,16499.1,2025-04-25 02:30:00,Reader003,24.1,94.7,GDR1FGS7
TAG_BJFQTAR6,RFID Tag,23000.1,2025-04-25 02:52:43,Reader003,24.1,94.7,BJFQTAR6
TAG_GDP6A30X,RFID Tag,9000.3,2025-04-25 02:54:31,Reader003,24.1,94.7,GDP6A30X
TAG_GDRR9JDJ,RFID Tag,27500.8,2025-04-25 02:54:43,Reader003,24.1,94.7,GDRR9JDJ
TAG_LNG09L92,RFID Tag,8999.3,2025-04-25 02:57:31,Reader003,24.1,94.7,LNG09L92
TAG_LNEFHHTL,RFID Tag,18892.7,2025-04-25 03:03:43,Reader003,24.1,94.7,LNEFHHTL
TAG_LNHJUV91,RFID Tag,9001.1,2025-04-25 03:06:31,Reader003,24.1,94.7,LNHJUV91
TAG_GDM5S4WU,RFID Tag,24287.3,2025-04-25 03:09:45,Reader003,24.1,94.7,GDM5S4WU
TAG_GDD3BXLG,RFID Tag,23000.0,2025-04-25 03:09:45,Reader003,24.1,94.7,GDD3BXLG
TAG_GDR1FGS7,RFID Tag,21264.4,2025-04-25 03:32:00,Reader003,24.1,94.7,GDR1FGS7
TAG_LNG09L92,RFID Tag,15498.9,2025-04-25 03:44:31,Reader003,24.1,94.7,LNG09L92
TAG_LNHJUV91,RFID Tag,10560.8,2025-04-25 03:46:31,Reader003,24.1,94.7,LNHJUV91
TAG_GDP6A30X,RFID Tag,15499.9,2025-04-25 03:49:31,Reader003,24.1,94.7,GDP6A30X
TAG_NMUPZB15,RFID Tag,19998.9,2025-04-25 09:39:43,Reader003,24.1,94.7,NMUPZB15
TAG_NMUPZB15,RFID Tag,21840.7,2025-04-25 10:27:43,Reader003,24.1,94.7,NMUPZB15
TAG_SXSLCELQ,RFID Tag,16499.3,2025-04-25 15:54:48,Reader003,24.1,94.7,SXSLCELQ
TAG_SXSLCELQ,RFID Tag,22062.7,2025-04-25 16:43:48,Reader003,24.1,94.7,SXSLCELQ
TAG_NMBWNKZP,RFID Tag,16500.9,2025-04-25 18:10:08,Reader003,24.1,94.7,NMBWNKZP
TAG_LNH9GCL5,RFID Tag,16499.6,2025-04-25 18:12:47,Reader003,24.1,94.7,LNH9GCL5
TAG_LNH9GCL5,RFID Tag,26949.5,2025-04-25 19:03:47,Reader003,24.1,94.7,LNH9GCL5
TAG_NMBWNKZP,RFID Tag,20528.2,2025-04-25 19:06:08,Reader003,24.1,94.7,NMBWNKZP
TAG_SXWPT04B,RFID Tag,9001.5,2025-04-25 19:45:42,Reader003,24.1,94.7,SXWPT04B
TAG_LNG09L92,RFID Tag,8998.6,2025-04-25 19:46:42,Reader003,24.1,94.7,LNG09L92
TAG_TJNVTEHQ,RFID Tag,16499.8,2025-04-25 19:56:30,Reader003,24.1,94.7,TJNVTEHQ
TAG_SHURV9K7,RFID Tag,19999.5,2025-04-25 19:58:30,Reader003,24.1,94.7,SHURV9K7
TAG_SXWPT04B,RFID Tag,15502.8,2025-04-25 20:45:42,Reader003,24.1,94.7,SXWPT04B
TAG_LNG09L92,RFID Tag,11556.4,2025-04-25 20:47:42,Reader003,24.1,94.7,LNG09L92
TAG_TJNVTEHQ,RFID Tag,27501.7,2025-04-25 20:49:30,Reader003,24.1,94.7,TJNVTEHQ
TAG_SHURV9K7,RFID Tag,27541.4,2025-04-25 20:53:30,Reader003,24.1,94.7,SHURV9K7
TAG_SXECYXDH,RFID Tag,8999.8,2025-04-25 21:25:01,Reader003,24.1,94.7,SXECYXDH
TAG_NMFK1N6E,RFID Tag,16499.6,2025-04-25 21:29:01,Reader003,24.1,94.7,NMFK1N6E
TAG_SXECYXDH,RFID Tag,10885.2,2025-04-25 22:17:01,Reader003,24.1,94.7,SXECYXDH
TAG_NMFK1N6E,RFID Tag,23000.0,2025-04-25 22:21:01,Reader003,24.1,94.7,NMFK1N6E
TAG_SXTB410X,RFID Tag,16500.7,2025-04-26 00:16:42,Reader003,24.1,94.7,SXTB410X
TAG_HLJW7BGB0,RFID Tag,16501.1,2025-04-26 00:25:42,Reader003,24.1,94.7,HLJW7BGB0
TAG_SXTB410X,RFID Tag,23000.2,2025-04-26 01:07:42,Reader003,24.1,94.7,SXTB410X
TAG_HLJW7BGB0,RFID Tag,27096.2,2025-04-26 01:18:42,Reader003,24.1,94.7,HLJW7BGB0
TAG_TJMG01HS,RFID Tag,20000.5,2025-04-26 01:37:53,Reader003,24.1,94.7,TJMG01HS
TAG_TJMG01HS,RFID Tag,24281.9,2025-04-26 02:34:53,Reader003,24.1,94.7,TJMG01HS
TAG_GDUREAH1,RFID Tag,20000.7,2025-04-26 03:48:51,Reader003,24.1,94.7,GDUREAH1
TAG_HLJW7BGB0,RFID Tag,16501.1,2025-04-26 03:54:51,Reader003,24.1,94.7,HLJW7BGB0
TAG_HLJW7BGB0,RFID Tag,27502.2,2025-04-26 04:51:51,Reader003,24.1,94.7,HLJW7BGB0
TAG_GDUREAH1,RFID Tag,22363.9,2025-04-26 04:57:51,Reader003,24.1,94.7,GDUREAH1
TAG_HBZ3CF69,RFID Tag,16501.5,2025-04-26 16:24:04,Reader003,24.1,94.7,HBZ3CF69
TAG_NMRNGQSJ,RFID Tag,16500.1,2025-04-26 16:27:04,Reader003,24.1,94.7,NMRNGQSJ
TAG_SXCUK1M6,RFID Tag,16500.6,2025-04-26 16:27:04,Reader003,24.1,94.7,SXCUK1M6
TAG_HBZ3CF69,RFID Tag,27500.9,2025-04-26 17:17:04,Reader003,24.1,94.7,HBZ3CF69
TAG_NMRNGQSJ,RFID Tag,22999.2,2025-04-26 17:18:04,Reader003,24.1,94.7,NMRNGQSJ
TAG_SXCUK1M6,RFID Tag,17526.3,2025-04-26 17:27:04,Reader003,24.1,94.7,SXCUK1M6
TAG_JLFX1KPV,RFID Tag,20000.1,2025-04-26 21:21:11,Reader003,24.1,94.7,JLFX1KPV
TAG_NMMHV8L5,RFID Tag,19997.8,2025-04-26 22:05:42,Reader003,24.1,94.7,NMMHV8L5
TAG_JLFX1KPV,RFID Tag,30127.5,2025-04-26 22:10:11,Reader003,24.1,94.7,JLFX1KPV
TAG_NMMHV8L5,RFID Tag,24915.3,2025-04-26 22:56:42,Reader003,24.1,94.7,NMMHV8L5
TAG_JLPKJ4PL,RFID Tag,16502.3,2025-04-27 07:11:05,Reader003,24.1,94.7,JLPKJ4PL
TAG_LNHJUV91,RFID Tag,8999.5,2025-04-27 07:11:05,Reader003,24.1,94.7,LNHJUV91
TAG_LNHJUV91,RFID Tag,15500.6,2025-04-27 08:10:05,Reader003,24.1,94.7,LNHJUV91
TAG_JLPKJ4PL,RFID Tag,16657.1,2025-04-27 08:13:05,Reader003,24.1,94.7,JLPKJ4PL
TAG_GDSWDGYT,RFID Tag,9000.4,2025-04-27 21:29:40,Reader003,24.1,94.7,GDSWDGYT
TAG_SXJ1P9S4,RFID Tag,16500.2,2025-04-27 21:35:40,Reader003,24.1,94.7,SXJ1P9S4
TAG_SXC07P09,RFID Tag,16499.8,2025-04-27 21:42:44,Reader003,24.1,94.7,SXC07P09
TAG_NMWU5ZLM,RFID Tag,8998.5,2025-04-27 21:44:50,Reader003,24.1,94.7,NMWU5ZLM
TAG_GDSWDGYT,RFID Tag,15498.9,2025-04-27 22:21:40,Reader003,24.1,94.7,GDSWDGYT
TAG_SXJ1P9S4,RFID Tag,17581.2,2025-04-27 22:28:40,Reader003,24.1,94.7,SXJ1P9S4
TAG_SXC07P09,RFID Tag,18556.1,2025-04-27 22:30:44,Reader003,24.1,94.7,SXC07P09
TAG_NMWU5ZLM,RFID Tag,14990.6,2025-04-27 22:41:50,Reader003,24.1,94.7,NMWU5ZLM
TAG_NMUPZB15,RFID Tag,19998.9,2025-04-27 23:29:04,Reader003,24.1,94.7,NMUPZB15
TAG_SHURV9K7,RFID Tag,19999.9,2025-04-27 23:34:32,Reader003,24.1,94.7,SHURV9K7
TAG_SXSLCELQ,RFID Tag,16500.2,2025-04-27 23:35:04,Reader003,24.1,94.7,SXSLCELQ
TAG_SXAY5DCL,RFID Tag,19999.1,2025-04-27 23:36:32,Reader003,24.1,94.7,SXAY5DCL
TAG_GDLNY0HG,RFID Tag,16500.1,2025-04-27 23:55:51,Reader003,24.1,94.7,GDLNY0HG
TAG_LNS4BCQ6,RFID Tag,16501.5,2025-04-27 23:56:51,Reader003,24.1,94.7,LNS4BCQ6
TAG_LNEFHHTL,RFID Tag,16501.5,2025-04-28 00:24:15,Reader003,24.1,94.7,LNEFHHTL
TAG_SXAY5DCL,RFID Tag,31000.9,2025-04-28 00:32:32,Reader003,24.1,94.7,SXAY5DCL
TAG_NMUPZB15,RFID Tag,26934.5,2025-04-28 00:33:04,Reader003,24.1,94.7,NMUPZB15
TAG_SXSLCELQ,RFID Tag,27500.5,2025-04-28 00:34:04,Reader003,24.1,94.7,SXSLCELQ
TAG_SHURV9K7,RFID Tag,21372.2,2025-04-28 00:35:32,Reader003,24.1,94.7,SHURV9K7
TAG_GDLNY0HG,RFID Tag,27501.6,2025-04-28 00:46:51,Reader003,24.1,94.7,GDLNY0HG
TAG_LNS4BCQ6,RFID Tag,23026.0,2025-04-28 00:51:51,Reader003,24.1,94.7,LNS4BCQ6
TAG_LNEFHHTL,RFID Tag,22121.3,2025-04-28 01:12:15,Reader003,24.1,94.7,LNEFHHTL
TAG_LNG09L92,RFID Tag,8998.9,2025-04-28 02:35:21,Reader003,24.1,94.7,LNG09L92
TAG_LNG09L92,RFID Tag,11591.0,2025-04-28 03:36:21,Reader003,24.1,94.7,LNG09L92
TAG_LNHJUV91,RFID Tag,8999.8,2025-04-28 05:10:56,Reader003,24.1,94.7,LNHJUV91
TAG_LNHJUV91,RFID Tag,11630.9,2025-04-28 06:08:56,Reader003,24.1,94.7,LNHJUV91
TAG_SHS2NN25,RFID Tag,9001.4,2025-04-28 07:16:06,Reader003,24.1,94.7,SHS2NN25
TAG_SHM1VH84,RFID Tag,20000.3,2025-04-28 08:02:58,Reader003,24.1,94.7,SHM1VH84
TAG_GDP6A30X,RFID Tag,9000.5,2025-04-28 08:07:57,Reader003,24.1,94.7,GDP6A30X
TAG_SHS2NN25,RFID Tag,14187.8,2025-04-28 08:15:06,Reader003,24.1,94.7,SHS2NN25
TAG_SHM1VH84,RFID Tag,28246.3,2025-04-28 09:00:58,Reader003,24.1,94.7,SHM1VH84
TAG_GDP6A30X,RFID Tag,10786.9,2025-04-28 09:02:57,Reader003,24.1,94.7,GDP6A30X
TAG_BJRUSBYK,RFID Tag,8999.5,2025-04-28 16:36:49,Reader003,24.1,94.7,BJRUSBYK
TAG_SXXF2MT5,RFID Tag,8998.4,2025-04-28 16:44:49,Reader003,24.1,94.7,SXXF2MT5
TAG_LNQEX7AJ,RFID Tag,9000.9,2025-04-28 16:44:49,Reader003,24.1,94.7,LNQEX7AJ
TAG_LNQEX7AJ,RFID Tag,15502.5,2025-04-28 17:46:49,Reader003,24.1,94.7,LNQEX7AJ
TAG_BJRUSBYK,RFID Tag,15500.4,2025-04-28 17:49:49,Reader003,24.1,94.7,BJRUSBYK
TAG_SXXF2MT5,RFID Tag,12157.7,2025-04-28 17:49:49,Reader003,24.1,94.7,SXXF2MT5
TAG_SXRSUGTP,RFID Tag,9001.3,2025-04-28 21:15:15,Reader003,24.1,94.7,SXRSUGTP
TAG_SXRSUGTP,RFID Tag,11941.9,2025-04-28 22:07:15,Reader003,24.1,94.7,SXRSUGTP
TAG_GDM5S4WU,RFID Tag,19998.8,2025-04-28 22:21:33,Reader003,24.1,94.7,GDM5S4WU
TAG_GDM5S4WU,RFID Tag,26792.4,2025-04-28 23:13:33,Reader003,24.1,94.7,GDM5S4WU
TAG_GDUUMM8D,RFID Tag,16501.3,2025-04-29 03:52:09,Reader003,24.1,94.7,GDUUMM8D
TAG_HLJFU421U,RFID Tag,16497.3,2025-04-29 03:56:09,Reader003,24.1,94.7,HLJFU421U
TAG_SHBSQVP1,RFID Tag,16500.0,2025-04-29 04:03:09,Reader003,24.1,94.7,SHBSQVP1
TAG_GDUUMM8D,RFID Tag,23002.1,2025-04-29 04:45:09,Reader003,24.1,94.7,GDUUMM8D
TAG_SHBSQVP1,RFID Tag,23000.3,2025-04-29 04:48:09,Reader003,24.1,94.7,SHBSQVP1
TAG_HLJFU421U,RFID Tag,22233.8,2025-04-29 04:51:09,Reader003,24.1,94.7,HLJFU421U
TAG_BJZ9CLW1,RFID Tag,16499.7,2025-04-29 07:18:24,Reader003,24.1,94.7,BJZ9CLW1
TAG_HBZU919T,RFID Tag,16499.8,2025-04-29 07:27:24,Reader003,24.1,94.7,HBZU919T
TAG_SXNAF7LA,RFID Tag,16499.1,2025-04-29 07:50:10,Reader003,24.1,94.7,SXNAF7LA
TAG_JLPKJ4PL,RFID Tag,16501.8,2025-04-29 08:13:16,Reader003,24.1,94.7,JLPKJ4PL
TAG_BJZ9CLW1,RFID Tag,16790.6,2025-04-29 08:24:24,Reader003,24.1,94.7,BJZ9CLW1
TAG_HBZU919T,RFID Tag,22998.8,2025-04-29 08:26:24,Reader003,24.1,94.7,HBZU919T
TAG_SXY4Q2WF,RFID Tag,16501.4,2025-04-29 08:28:50,Reader003,24.1,94.7,SXY4Q2WF
TAG_LNUXW5SW,RFID Tag,19999.7,2025-04-29 08:39:50,Reader003,24.1,94.7,LNUXW5SW
TAG_SXNAF7LA,RFID Tag,18667.2,2025-04-29 08:42:10,Reader003,24.1,94.7,SXNAF7LA
TAG_JLPKJ4PL,RFID Tag,22524.5,2025-04-29 09:05:16,Reader003,24.1,94.7,JLPKJ4PL
TAG_LNUXW5SW,RFID Tag,30999.8,2025-04-29 09:28:50,Reader003,24.1,94.7,LNUXW5SW
TAG_SXY4Q2WF,RFID Tag,17595.0,2025-04-29 09:33:50,Reader003,24.1,94.7,SXY4Q2WF
TAG_SXSZDTB4,RFID Tag,19998.3,2025-04-29 10:10:10,Reader003,24.1,94.7,SXSZDTB4
TAG_BJKLA8TW,RFID Tag,16500.5,2025-04-29 10:13:10,Reader003,24.1,94.7,BJKLA8TW
TAG_JLZ1Z1VX,RFID Tag,16500.1,2025-04-29 10:48:53,Reader003,24.1,94.7,JLZ1Z1VX
TAG_NMXU0MAM,RFID Tag,16498.9,2025-04-29 10:53:53,Reader003,24.1,94.7,NMXU0MAM
TAG_SXSZDTB4,RFID Tag,30998.1,2025-04-29 11:00:10,Reader003,24.1,94.7,SXSZDTB4
TAG_BJKLA8TW,RFID Tag,22129.6,2025-04-29 11:08:10,Reader003,24.1,94.7,BJKLA8TW
TAG_JLZ1Z1VX,RFID Tag,22998.8,2025-04-29 11:44:53,Reader003,24.1,94.7,JLZ1Z1VX
TAG_NMXU0MAM,RFID Tag,26790.5,2025-04-29 11:46:53,Reader003,24.1,94.7,NMXU0MAM
TAG_JLS90WMQ,RFID Tag,9001.1,2025-04-29 16:27:15,Reader003,24.1,94.7,JLS90WMQ
TAG_JLS90WMQ,RFID Tag,14473.1,2025-04-29 17:22:15,Reader003,24.1,94.7,JLS90WMQ
TAG_TJTY94H3,RFID Tag,19999.1,2025-04-29 18:08:26,Reader003,24.1,94.7,TJTY94H3
TAG_SHMZMCQJ,RFID Tag,20000.2,2025-04-29 18:10:26,Reader003,24.1,94.7,SHMZMCQJ
TAG_SHMZMCQJ,RFID Tag,31001.9,2025-04-29 19:08:26,Reader003,24.1,94.7,SHMZMCQJ
TAG_TJTY94H3,RFID Tag,26112.5,2025-04-29 19:12:26,Reader003,24.1,94.7,TJTY94H3
TAG_SHMZMCQJ,RFID Tag,19999.5,2025-04-29 23:13:42,Reader003,24.1,94.7,SHMZMCQJ
TAG_SHT5E3AJ,RFID Tag,9000.1,2025-04-29 23:38:50,Reader003,24.1,94.7,SHT5E3AJ
TAG_TJALNZ3A,RFID Tag,16500.3,2025-04-29 23:43:50,Reader003,24.1,94.7,TJALNZ3A
TAG_SHMZMCQJ,RFID Tag,23788.8,2025-04-30 00:14:42,Reader003,24.1,94.7,SHMZMCQJ
TAG_TJALNZ3A,RFID Tag,23000.9,2025-04-30 00:38:50,Reader003,24.1,94.7,TJALNZ3A
TAG_SHT5E3AJ,RFID Tag,11553.5,2025-04-30 00:42:50,Reader003,24.1,94.7,SHT5E3AJ
TAG_GDM5S4WU,RFID Tag,20000.3,2025-04-30 01:22:38,Reader003,24.1,94.7,GDM5S4WU
TAG_GDM5S4WU,RFID Tag,24350.3,2025-04-30 02:18:38,Reader003,24.1,94.7,GDM5S4WU
TAG_NMWU5ZLM,RFID Tag,8999.3,2025-04-30 02:43:52,Reader003,24.1,94.7,NMWU5ZLM
TAG_NMWU5ZLM,RFID Tag,10718.1,2025-04-30 03:33:52,Reader003,24.1,94.7,NMWU5ZLM
TAG_GDLNY0HG,RFID Tag,16499.5,2025-04-30 05:48:28,Reader003,24.1,94.7,GDLNY0HG
TAG_GDLNY0HG,RFID Tag,18500.9,2025-04-30 06:43:28,Reader003,24.1,94.7,GDLNY0HG
TAG_LNG09L92,RFID Tag,9001.3,2025-04-30 08:00:24,Reader003,24.1,94.7,LNG09L92
TAG_JLBRQ0KV,RFID Tag,9001.0,2025-04-30 08:00:24,Reader003,24.1,94.7,JLBRQ0KV
TAG_GDP6A30X,RFID Tag,9000.6,2025-04-30 08:09:24,Reader003,24.1,94.7,GDP6A30X
TAG_JLBRQ0KV,RFID Tag,15499.2,2025-04-30 08:48:24,Reader003,24.1,94.7,JLBRQ0KV
TAG_LNG09L92,RFID Tag,15502.1,2025-04-30 08:55:24,Reader003,24.1,94.7,LNG09L92
TAG_GDP6A30X,RFID Tag,15454.0,2025-04-30 08:57:24,Reader003,24.1,94.7,GDP6A30X
TAG_NMFK1N6E,RFID Tag,16501.4,2025-04-30 11:06:15,Reader003,24.1,94.7,NMFK1N6E
TAG_NMFK1N6E,RFID Tag,19353.2,2025-04-30 12:02:15,Reader003,24.1,94.7,NMFK1N6E
TAG_TJJ01JF5,RFID Tag,20001.5,2025-04-30 18:53:10,Reader003,24.1,94.7,TJJ01JF5
TAG_TJJ01JF5,RFID Tag,21429.1,2025-04-30 19:46:10,Reader003,24.1,94.7,TJJ01JF5
TAG_SXNAF7LA,RFID Tag,16500.1,2025-05-01 01:09:47,Reader003,24.1,94.7,SXNAF7LA
TAG_BJD56XUG,RFID Tag,16501.4,2025-05-01 01:10:47,Reader003,24.1,94.7,BJD56XUG
TAG_BJD56XUG,RFID Tag,26218.8,2025-05-01 02:00:47,Reader003,24.1,94.7,BJD56XUG
TAG_SXNAF7LA,RFID Tag,23000.1,2025-05-01 02:07:47,Reader003,24.1,94.7,SXNAF7LA
